,SMILES,HOMO,LUMO,Molecular Weight,Heavy Atom Molecular Weight,Max Absolute Partial Charge,Max Partial Charge,Min Abs Partial Charge,Min Partial Charge,Radical Electrons,Valence Electrons,NHOH Count,NO Count,H Acceptors,H Donors,Ring Count,Aliphatic Rings,Aromatic Rings,Saturated Rings,Aromatic Carbocycles,Aromatic Heterocycles,Heteroatoms,Rotatable Bonds,Saturated Carbocycles,Saturated Heterocycles,H Count,C Count,N Count,F Count,Halogen Count,Double Bonds,Triple Bonds
0,"Cc1ccc(-c2c3cc(-c4ccc(-c5sc(-c6cccs6)c6cc(S(C)(=O)=O)sc65)s4)sc3c(-c3ccc(C)s3)c3ccsc32)s1
",-0.17,-0.118,763.1619999999999,740.9859999999998,0.22315838365587842,0.18442213466035084,0.18442213466035084,-0.22315838365587842,0,228,0,2,10,0,9,0,9,0,1,8,11,6,0,0,22,35,0,0,0,2,0
1,"CN1c2ccccc2C(=C2c3ccc(-c4cccs4)cc3N(C)C2=O)C1=O
",-0.183,-0.135,372.4490000000001,356.3210000000001,0.3107641559467034,0.259055151938994,0.259055151938994,-0.3107641559467034,0,132,0,4,3,0,5,2,3,0,2,1,5,1,0,0,16,22,2,0,0,3,0
2,"Cc1cc(-c2cc3c4nsnc4c(-c4cc(C)c(-c5cccs5)s4)cc3c3nsnc32)sc1-c1cccs1
",-0.173,-0.133,600.8660000000001,584.738,0.17225146971005487,0.11359319746259713,0.11359319746259713,-0.17225146971005487,0,184,0,4,10,0,8,0,8,0,2,6,10,4,0,0,16,28,4,0,0,0,0
3,"Cn1c2ccccc2c2ccc(-c3ccc(-c4ccc(C5=C(c6ccccc6)C(c6ccccc6)=C(c6ccc(-c7cccs7)s6)[Si]5(C)C)s4)s3)cc21
",-0.158,-0.112,770.1580000000002,734.8780000000003,0.3435905398141077,0.11708320381350468,0.11708320381350468,-0.3435905398141077,0,256,0,1,5,0,10,1,9,0,4,5,6,7,0,0,35,47,1,0,0,2,0
4,"Cc1cc(-c2c3cc(-c4cccs4)sc3c(-c3cc(C)c(C)s3)c3cc(-c4ccc(-c5ccc6c(c5F)N(C)C(=O)C6=C5c6cccc(F)c6N(C)C5=O)s4)sc32)sc1C
",-0.17,-0.137,899.194,866.938,0.3081180979913949,0.259140422433135,0.259140422433135,-0.3081180979913949,0,296,0,4,8,0,11,2,9,0,3,6,12,5,0,0,32,48,2,2,2,3,0
5,"C#Cc1cc(OC)c(C#Cc2scc3nc(-c4ccccc4)c(-c4ccccc4)nc32)cc1OC
",-0.175,-0.121,472.5690000000002,452.40900000000033,0.49540182005642774,0.13551270266674484,0.13551270266674484,-0.49540182005642774,0,168,0,4,5,0,5,0,5,0,3,2,5,4,0,0,20,30,2,0,0,0,2
6,"Cc1csc(-c2ccc(-c3cc(C)c(-c4cc5c(s4)c(-c4ccc(C)cc4)c4ccsc4c5-c4ccc(C)cc4)s3)c3nsnc32)c1
",-0.169,-0.125,697.013,668.7890000000001,0.1722221668748831,0.11359893461035372,0.11359893461035372,-0.1722221668748831,0,228,0,2,7,0,9,0,9,0,4,5,7,5,0,0,28,40,2,0,0,0,0
7,"CC1=CC(c2cc(C)c(-c3ccc(-c4sc(-c5nc(C)c(-c6cccs6)s5)nc4C)s3)s2)=S=C1
",-0.168,-0.111,552.8620000000002,532.7020000000001,0.2381253432226292,0.1525862606541103,0.1525862606541103,-0.2381253432226292,0,170,0,2,7,0,6,1,5,0,0,5,8,5,0,0,20,26,2,0,0,3,0
8,"CN1C(=O)C2=C(c3ccc(-c4ccc(C(F)(F)F)cc4)s3)N(C)C(=O)C2=C1c1ccc(-c2ccc(C(F)(F)F)cc2)s1
",-0.178,-0.136,616.6080000000004,598.4640000000003,0.41591022734952726,0.41591022734952726,0.30914243350771164,-0.30914243350771164,0,214,0,4,4,0,6,2,4,0,2,2,12,4,0,0,18,30,2,6,6,4,0
9,"CC1(C)c2ccccc2-c2ccc(N(c3ccc(-c4ccc(-c5ccc(C=CC=C(C#N)C(=O)O)s5)s4)cc3)c3ccc4c(c3)C(C)(C)c3ccccc3-4)cc21
",-0.172,-0.131,762.9999999999999,724.6959999999997,0.4771150288588499,0.34593927051064916,0.34593927051064916,-0.4771150288588499,0,272,1,4,5,1,9,2,7,0,5,2,6,8,0,0,38,50,2,0,0,3,1
10,"C=Cc1ccc(N(c2ccccc2)c2ccc(-c3ccc(C=C4SC(=S)N(CC(=O)O)C4=O)s3)cc2)cc1
",-0.179,-0.126,554.7180000000003,532.5420000000001,0.4799130454369622,0.32320746686798885,0.32320746686798885,-0.4799130454369622,0,188,1,5,6,1,5,1,4,1,3,1,8,8,0,1,22,30,2,0,0,5,0
11,"N#CC(=Cc1ccc(-c2ccc(-c3ccc(N(c4ccccc4)c4ccccc4)cc3)s2)s1)C(=O)O
",-0.178,-0.128,504.63600000000014,484.4760000000003,0.47711441105641134,0.34599226931326155,0.34599226931326155,-0.47711441105641134,0,174,1,4,5,1,5,0,5,0,3,2,6,7,0,0,20,30,2,0,0,2,1
12,"Cc1cc[se]c1
",-0.204,-0.049,145.06300000000002,139.015,,,,,0,32,0,0,0,0,1,0,1,0,0,1,1,0,0,0,6,5,0,0,0,0,0
13,"Cc1nc(-c2nc(C)c(-c3ccc(C4=S=C5c6cc7c(cc6C(C)(C)C5=C4)-c4sccc4C7(C)C)s3)s2)sc1-c1cccs1
",-0.165,-0.112,681.0360000000003,652.8120000000001,0.2381253432226292,0.15258626065410133,0.15258626065410133,-0.2381253432226292,0,218,0,2,7,0,9,3,6,0,1,5,8,4,0,0,28,36,2,0,0,3,0
14,"Cc1ccc(C2(c3ccc(C)cc3)c3ccsc3-c3cc4c(cc32)-c2sc(-c3ccc(-c5ccc(-c6ccc(-c7ccc(-c8cccs8)s7)c7nsnc76)s5)s3)cc2C4(c2ccc(C)cc2)c2ccc(C)cc2)cc1
",-0.163,-0.127,1089.561,1045.2089999999994,0.17222216519256353,0.11359876331395534,0.11359876331395534,-0.17222216519256353,0,360,0,2,9,0,15,2,13,0,6,7,9,9,0,0,44,66,2,0,0,0,0
15,"O=C1c2ccccc2C(=O)C1=Cc1ccc(-c2ccc(N(c3ccc(-c4ccc(C=Cc5cccs5)s4)cc3)c3ccc(-c4ccc(C=Cc5cccs5)s4)cc3)cc2)s1
",-0.169,-0.125,864.176,830.9119999999997,0.3105044677959651,0.19727000087258592,0.19727000087258592,-0.3105044677959651,0,288,0,3,8,0,10,1,9,0,4,5,8,11,0,0,33,52,1,0,0,5,0
16,"COc1cccc(-c2nc3c(-c4cccs4)ccc(-c4ccc(-c5cc6c(s5)c(-c5ccc(C)s5)c5ccsc5c6-c5ccc(C)s5)s4)c3nc2-c2cccc(OC)c2)c1
",-0.168,-0.118,887.236,852.9639999999998,0.4967444722467425,0.11903627779936723,0.11903627779936723,-0.4967444722467425,0,292,0,4,10,0,11,0,11,0,4,7,10,9,0,0,34,50,2,0,0,0,0
17,"Cc1csc(C=Cc2cccc3nsnc32)c1C
",-0.182,-0.118,272.398,260.30199999999996,0.17292113015155686,0.11150501236663847,0.11150501236663847,-0.17292113015155686,0,90,0,2,4,0,3,0,3,0,1,2,4,2,0,0,12,14,2,0,0,1,0
18,"C=Cc1ccc2c3ccc(C=Cc4sc(-c5cc(C)cs5)cc4C)cc3n(-c3ccc(OC)cc3)c2c1
",-0.165,-0.096,517.7190000000003,490.5030000000003,0.4967658832524285,0.11851093463477362,0.11851093463477362,-0.4967658832524285,0,182,0,2,4,0,6,0,6,0,3,3,4,6,0,0,27,33,1,0,0,2,0
19,"C=Cc1ccc2c3ccc(C=Cc4ccc(-c5ccc(C6=C(C)C(C)=C(c7ccc(-c8cccs8)s7)S6(=O)=O)s5)s4)cc3n(-c3ccc(OC)cc3)c2c1
",-0.167,-0.122,796.0980000000001,762.834,0.4967658832524285,0.20943155021412013,0.20943155021412013,-0.4967658832524285,0,266,0,4,8,0,9,1,8,0,3,5,9,9,0,0,33,45,1,0,0,6,0
20,"Cc1cc2cc3c(C#C[Si](C)(C)C)c4cc5sc(C)cc5cc4c(C#C[Si](C)(C)C)c3cc2s1
",-0.162,-0.114,510.87600000000026,480.6360000000003,0.14058364300745568,0.12934760905349021,0.12934760905349021,-0.14058364300745568,0,170,0,0,2,0,5,0,5,0,3,2,4,0,0,0,30,30,0,0,0,0,2
21,"CC1(C)c2ccsc2-c2cc3c(cc21)-c1sc(-c2ccc(-c4nc5sc(-c6cccs6)nc5s4)s2)cc1C3(C)C
",-0.168,-0.114,626.9440000000001,604.768,0.22243441846169978,0.15546782859947547,0.15546782859947547,-0.22243441846169978,0,196,0,2,8,0,9,2,7,0,1,6,8,3,0,0,22,32,2,0,0,0,0
22,"C=Cc1ccc2c3ccc(C=Cc4sc(-c5ccc(-c6ccc(-c7cc(C)cs7)s6)s5)cc4C)cc3n(-c3ccc(OC)cc3)c2c1
",-0.161,-0.105,681.9730000000001,650.7249999999999,0.4967658832524285,0.11851093463477362,0.11851093463477362,-0.4967658832524285,0,230,0,2,6,0,8,0,8,0,3,5,6,8,0,0,31,41,1,0,0,2,0
23,"COc1c(OC)c(-c2ccc(-c3cc4c(s3)c(-c3ccc(C)s3)c3ccsc3c4C3=S=C(C)C=C3)s2)c2nsnc2c1-c1cccs1
",-0.168,-0.122,741.0690000000001,716.877,0.49207898175342835,0.17193058104955355,0.17193058104955355,-0.49207898175342835,0,232,0,4,10,0,9,1,8,0,2,6,11,7,0,0,24,36,2,0,0,3,0
24,"N#CC(=Cc1ccc(-c2ccc(-c3ccc(C=C(C#N)c4ccc([N+](=O)[O-])cc4)s3)c3c2C(=O)OC3=O)s1)c1ccc([N+](=O)[O-])cc1
",-0.22,-0.163,656.6570000000002,640.5290000000001,0.3856233600472027,0.3470973724288285,0.3470973724288285,-0.3856233600472027,0,226,0,11,11,0,6,1,5,0,3,2,13,8,0,0,16,34,4,0,0,6,2
25,"COC(=O)C(C#N)=Cc1cc(C)c(-c2ccc(-c3sc(-c4cc5c(s4)-c4sc(-c6cc(C)c(-c7ccc(C8=S=C(C=C(C#N)C(=O)OC)C=C8C)s7)s6)cc4[Si]5(C)C)cc3C)s2)s1
",-0.173,-0.133,989.448,953.1599999999999,0.46489358022062566,0.34815462958231264,0.34815462958231264,-0.46489358022062566,0,314,0,6,13,0,9,2,7,0,0,7,15,10,0,0,36,48,2,0,0,7,2
26,"CN1C(=O)C2=C(c3ccc(-c4ccccc4)s3)N(C)C(=O)C2=C1c1cccs1
",-0.169,-0.123,404.5160000000002,388.3880000000002,0.3091428227527953,0.26064863272645616,0.26064863272645616,-0.3091428227527953,0,138,0,4,4,0,5,2,3,0,1,2,6,3,0,0,16,22,2,0,0,4,0
27,"Cc1ccc(-c2ccc(-c3cnc(-c4cc5c(s4)-c4sc(-c6ncc(-c7ccc(-c8ccc(C)s8)s7)c7nsnc76)cc4[Si]5(C)C)c4nsnc43)s2)s1
",-0.167,-0.138,849.2739999999999,825.0819999999999,0.2522291029441264,0.13207219733740536,0.13207219733740536,-0.2522291029441264,0,258,0,6,14,0,11,1,10,0,0,10,15,6,0,0,24,38,6,0,0,0,0
28,"CC1(C)c2ccccc2-c2ccc(-c3ccc(-c4ccc(-c5ccc(C6=C(c7ccccc7)C(c7ccccc7)=C(c7ccc(-c8ccc(C9=S=CC=C9)s8)s7)[Si]6(C)C)s5)s4)s3)cc21
",-0.159,-0.115,947.451,905.115,0.14298495944526898,0.11708320381353239,0.11708320381353239,-0.14298495944526898,0,310,0,0,5,0,12,3,9,0,4,5,7,9,0,0,42,57,0,0,0,5,0
29,"COCc1cc2csc(-c3cc4c(s3)c(OC)c3ccsc3c4OC)c2s1
",-0.167,-0.091,432.61300000000017,416.4850000000001,0.4945632210082557,0.14511535296437922,0.14511535296437922,-0.4945632210082557,0,138,0,3,7,0,5,0,5,0,1,4,7,5,0,0,16,20,0,0,0,0,0
30,"Cn1c2ccccc2c2ccc(-c3ccc(-c4cnc(-c5cccs5)c5nsnc54)s3)cc21
",-0.179,-0.134,480.64300000000014,464.51500000000016,0.3435905398141292,0.13207189240457962,0.13207189240457962,-0.3435905398141292,0,158,0,4,7,0,7,0,7,0,2,5,7,3,0,0,16,26,4,0,0,0,0
31,"COc1c2ccsc2c(OC)c2cc(-c3sc(-c4sc(-c5cc(C)cs5)c5c4C(=O)N(C)C5=O)cc3C)sc21
",-0.173,-0.115,607.8250000000002,586.6570000000002,0.49456322103056677,0.2623279148808522,0.2623279148808522,-0.49456322103056677,0,196,0,5,9,0,7,1,6,0,1,5,10,5,0,0,21,29,1,0,0,2,0
32,"CC1(C)CC(C=Cc2ccc(N(c3ccc(N(c4ccccc4)c4ccccc4)cc3)c3ccc(N(c4ccccc4)c4ccccc4)cc3)cc2)=CC(=C(C#N)C(=O)O)C1
",-0.163,-0.121,794.999,748.631,0.4771075244150993,0.34622836668843315,0.34622836668843315,-0.4771075244150993,0,298,1,6,5,1,8,1,7,0,7,0,6,12,0,0,46,55,4,0,0,4,1
33,"COc1c2cc(C)sc2c(OC)c2cc(-c3ccc(-c4sc(-c5ccc(C)s5)c5c4C(=O)N(C)C5=O)s3)sc21
",-0.167,-0.113,607.8250000000003,586.6570000000003,0.49456303520571787,0.26232791345796125,0.26232791345796125,-0.49456303520571787,0,196,0,5,9,0,7,1,6,0,1,5,10,5,0,0,21,29,1,0,0,2,0
34,"Cc1c2ccsc2c(C)c2cc(-c3ccc(-c4cnc(-c5cccs5)c5nsnc54)s3)sc21
",-0.177,-0.137,517.7510000000001,502.63100000000014,0.2522294097797512,0.1320718924202178,0.1320718924202178,-0.2522294097797512,0,160,0,3,8,0,7,0,7,0,1,6,8,3,0,0,15,25,3,0,0,0,0
35,"CC(=O)c1cc2c(csc2-c2cc3c(s2)c(C)c2ccsc2c3C)s1
",-0.176,-0.117,398.59900000000005,384.4870000000001,0.2936046812527578,0.16925420019698859,0.16925420019698859,-0.2936046812527578,0,124,0,1,5,0,5,0,5,0,1,4,5,2,0,0,14,20,0,0,0,1,0
36,"Cc1cc(-c2ccc(N(c3ccccc3)c3ccccc3)cc2)sc1-c1cnc(-c2ncc(-c3sc(-c4ccc(N(c5ccccc5)c5ccccc5)cc4)cc3C)s2)s1
",-0.162,-0.107,847.1720000000001,808.8679999999996,0.31050593610654,0.1522439668669024,0.1522439668669024,-0.31050593610654,0,290,0,4,8,0,10,0,10,0,6,4,8,11,0,0,38,52,4,0,0,0,0
37,"Cc1nc(-c2nc(C)c(-c3ccc(-c4cc5c(s4)-c4sccc4[Si]5(C)C)s3)s2)sc1-c1cccs1
",-0.167,-0.112,580.9480000000002,560.7880000000001,0.2381253432226292,0.15258626065410127,0.15258626065410127,-0.2381253432226292,0,174,0,2,8,0,7,1,6,0,0,6,9,4,0,0,20,26,2,0,0,0,0
38,"Cc1ccc(C2(c3ccc(C)cc3)c3ccsc3-c3cc4c(cc32)-c2sc(-c3cccc5nc6c7ccsc7c7sccc7c6nc53)cc2C4(c2ccc(C)cc2)c2ccc(C)cc2)cc1
",-0.17,-0.118,917.2619999999998,876.9419999999994,0.24376420528649562,0.09883778378782478,0.09883778378782478,-0.24376420528649562,0,314,0,2,6,0,14,2,12,0,7,5,6,5,0,0,40,60,2,0,0,0,0
39,"COc1ccc(N(c2ccc(C=Cc3cc4c(s3)-c3sc(C=C(C#N)C(=O)O)cc3C4(C)C)cc2)c2ccc(OC)cc2)cc1
",-0.164,-0.121,630.7910000000003,600.5510000000002,0.4967658832525265,0.3459922707463303,0.3459922707463303,-0.4967658832525265,0,224,1,6,7,1,6,1,5,0,3,2,8,9,0,0,30,37,2,0,0,3,1
40,"Cn1c2ccsc2c2sc(-c3ccc(-c4ccc(-c5cccs5)c5nsnc54)s3)cc21
",-0.166,-0.124,491.71300000000014,478.6090000000002,0.3421677357225655,0.11359876021230762,0.11359876021230762,-0.3421677357225655,0,150,0,3,8,0,7,0,7,0,1,6,8,3,0,0,13,23,3,0,0,0,0
41,"Cc1nc(-c2nc(C)c(-c3ccc(N(c4ccccc4)c4ccccc4)cc3)s2)sc1-c1ccc(N(c2ccccc2)c2ccccc2)cc1
",-0.166,-0.099,682.9180000000002,648.646,0.3105059360386746,0.15255787972352164,0.15255787972352164,-0.3105059360386746,0,242,0,4,6,0,8,0,8,0,6,2,6,9,0,0,34,44,4,0,0,0,0
42,"CC1(C)c2ccsc2-c2cc3c(cc21)-c1sc(-c2ccc(-c4ccc(-c5cccs5)c5nsnc54)s2)cc1C3(C)C
",-0.166,-0.125,620.9150000000001,596.7230000000001,0.1722221683062649,0.11359876021224247,0.11359876021224247,-0.1722221683062649,0,200,0,2,7,0,9,2,7,0,2,5,7,3,0,0,24,34,2,0,0,0,0
43,"c1csc(-c2cc(-c3cccs3)c(-c3cccs3)s2)c1
",-0.178,-0.092,330.524,320.44399999999996,0.14378963526391914,0.05355446623316532,0.05355446623316532,-0.14378963526391914,0,98,0,0,4,0,4,0,4,0,0,4,4,3,0,0,10,16,0,0,0,0,0
44,"CN1c2ccccc2C(=C2c3ccc(-c4cc5c(s4)-c4sccc4[Si]5(C)C)cc3N(C)C2=O)C1=O
",-0.176,-0.129,510.71600000000024,488.54000000000025,0.3107641559467034,0.25905515193900785,0.25905515193900785,-0.3107641559467034,0,172,0,4,4,0,7,3,4,0,2,2,7,1,0,0,22,28,2,0,0,3,0
45,"CC1(C)c2ccccc2-c2ccc(N(c3ccc(-c4ccc(C=C(C#N)C(=O)O)s4)cc3)c3ccc4c(c3)C(C)(C)c3ccccc3-4)cc21
",-0.176,-0.124,654.835,620.563,0.477114411056431,0.34599226929785565,0.34599226929785565,-0.477114411056431,0,238,1,4,4,1,8,2,6,0,5,1,5,6,0,0,34,44,2,0,0,2,1
46,"COc1ccc(C=Cc2ccc(C=Cc3cc(C)c(C=Cc4ccc(C=Cc5cc(C)c(C=Cc6ccc(C=Cc7cc(C)c(C=O)cc7C)s6)cc5C)s4)cc3C)s2)cc1
",-0.162,-0.12,851.215,800.815,0.4967678242055902,0.14982577005335662,0.14982577005335662,-0.4967678242055902,0,304,0,2,5,0,7,0,7,0,4,3,5,14,0,0,50,56,0,0,0,7,0
47,"COc1ccc(N(c2ccc(C=Cc3ccc(C=C(C#N)C(=O)O)s3)cc2)c2ccc(OC)cc2)cc1
",-0.169,-0.121,508.5990000000002,484.4070000000003,0.4967658832525265,0.34599226928635785,0.34599226928635785,-0.4967658832525265,0,184,1,6,6,1,4,0,4,0,3,1,7,9,0,0,24,30,2,0,0,3,1
48,"Cc1cc(C=C2C(=O)c3ccccc3C2=O)sc1-c1cc(C)c(-c2cc(C)c(-c3ccc(-c4sc(-c5sc(C6=S=C(C=C7C(=O)c8ccccc8C7=O)C=C6C)cc5C)cc4C)s3)s2)s1
",-0.172,-0.133,973.347,937.0589999999997,0.28843231563615895,0.1972700022632228,0.1972700022632228,-0.28843231563615895,0,318,0,4,10,0,11,3,8,0,2,6,11,8,0,0,36,54,0,0,0,9,0
49,"CC(=O)c1sc2csc(-c3cc4c(s3)c(C)c3ccsc3c4C)c2c1F
",-0.18,-0.119,416.5890000000001,403.4850000000002,0.2934871703981854,0.1722440966590877,0.1722440966590877,-0.2934871703981854,0,130,0,1,5,0,5,0,5,0,1,4,6,2,0,0,13,20,0,1,1,1,0
50,"Cc1cc2c3ccsc3c3sc(-c4ccc(-c5cnc(-c6cccs6)c6nsnc65)s4)cc3c2cc1C
",-0.175,-0.136,567.811,550.6750000000001,0.2522294097797512,0.1320718924202178,0.1320718924202178,-0.2522294097797512,0,178,0,3,8,0,8,0,8,0,2,6,8,3,0,0,17,29,3,0,0,0,0
51,"COC(=O)c1sc2csc(-c3cc4c(s3)c(OC)c3ccsc3c4OC)c2c1F
",-0.169,-0.11,464.58600000000024,451.48200000000026,0.49456322102411515,0.3506234545246485,0.3506234545246485,-0.49456322102411515,0,148,0,4,8,0,5,0,5,0,1,4,9,4,0,0,13,20,0,1,1,1,0
52,"COc1ccc(N(c2ccc(OC)cc2)c2ccc(C(=Cc3ccc(C=C(C#N)C(=O)O)s3)c3ccc(N(c4ccc(OC)cc4)c4ccc(OC)cc4)cc3)cc2)cc1
",-0.157,-0.118,811.9600000000002,770.6319999999998,0.4967658832525265,0.3459922692863786,0.3459922692863786,-0.4967658832525265,0,298,1,9,9,1,7,0,7,0,6,1,10,15,0,0,41,50,3,0,0,3,1
53,"C=Cc1sccc1C(=O)OC
",-0.205,-0.097,168.21699999999996,160.15299999999996,0.4653803328504309,0.3388199814335141,0.3388199814335141,-0.4653803328504309,0,58,0,2,3,0,1,0,1,0,0,1,3,2,0,0,8,8,0,0,0,2,0
54,"N#CC(=Cc1ccc(N(c2ccccc2)c2ccccc2)cc1)C(=O)O
",-0.189,-0.116,340.38200000000006,324.2540000000001,0.47711476516404644,0.34596184779034156,0.34596184779034156,-0.47711476516404644,0,126,1,4,3,1,3,0,3,0,3,0,4,5,0,0,16,22,2,0,0,2,1
55,"COc1c2sccc2c2cc(-c3cc(C)c(-c4nc5sc(-c6sccc6C)nc5s4)s3)sc2c1OC
",-0.172,-0.112,582.844,564.7,0.49140021554831537,0.1796310153147269,0.1796310153147269,-0.49140021554831537,0,180,0,4,10,0,7,0,7,0,1,6,10,5,0,0,18,26,2,0,0,0,0
56,"COC(=O)C(C#N)=Cc1cc(C)c(-c2ccc(-c3sc(-c4ccc5c6ccc(-c7cc(C)c(-c8ccc(-c9sc(C=C(C#N)C(=O)OC)cc9C)s8)s7)cc6n(C)c5c4)cc3C)s2)s1
",-0.179,-0.13,948.276,910.9799999999998,0.46489358022062566,0.34815462958231264,0.34815462958231264,-0.46489358022062566,0,316,0,7,13,0,9,0,9,0,2,7,13,10,0,0,37,51,3,0,0,4,2
57,"Cc1ccsc1-c1sc(-c2sc(-c3ccc4c(c3)C(C)(C)c3ccccc3-4)cc2C)c2nc3c(nc21)-c1cccc2cccc-3c12
",-0.166,-0.118,644.8900000000002,616.6660000000002,0.2422084094226428,0.10960957312783376,0.10960957312783376,-0.2422084094226428,0,220,0,2,5,0,10,2,8,0,4,4,5,3,0,0,28,41,2,0,0,0,0
58,"Cc1ccc(C2(c3ccc(C)cc3)c3ccsc3-c3cc4c(cc32)-c2sc(-c3ccc(-c5ccc(C6=C7C(=O)N(C)C(c8cccs8)=C7C(=O)N6C)s5)s3)cc2C4(c2ccc(C)cc2)c2ccc(C)cc2)cc1
",-0.161,-0.12,1035.4189999999999,989.0509999999994,0.30914282275277066,0.26064863274216765,0.26064863274216765,-0.30914282275277066,0,354,0,4,7,0,14,4,10,0,5,5,9,8,0,0,46,64,2,0,0,4,0
59,"COC(=O)c1cc2c(csc2-c2cc3c(s2)c(OC)c2ccsc2c3OC)s1
",-0.169,-0.108,446.5960000000002,432.4840000000002,0.49456322102422146,0.34756484443039215,0.34756484443039215,-0.49456322102422146,0,142,0,4,8,0,5,0,5,0,1,4,8,4,0,0,14,20,0,0,0,1,0
60,"COc1ccsc1-c1sc(-c2scc3c2C(=O)N(C)C3=O)cc1OC
",-0.165,-0.103,391.4950000000002,378.3910000000002,0.4951928606700175,0.26230324712736147,0.26230324712736147,-0.4951928606700175,0,128,0,5,7,0,4,1,3,0,0,3,8,4,0,0,13,17,1,0,0,2,0
61,"COc1c2ccsc2c(OC)c2cc(-c3cc(C)c(-c4sc(-c5sccc5C)c5c4C(=O)N(C)C5=O)s3)sc21
",-0.175,-0.112,607.8250000000003,586.6570000000003,0.494563221036178,0.26232809536822926,0.26232809536822926,-0.494563221036178,0,196,0,5,9,0,7,1,6,0,1,5,10,5,0,0,21,29,1,0,0,2,0
62,"Cc1nc2c3ccsc3c3sc(-c4ccc(-c5cnc(C6=S=CC=C6)c6nsnc65)s4)cc3c2nc1C
",-0.179,-0.137,569.7869999999999,554.6670000000001,0.2522294097797512,0.1320718924202178,0.1320718924202178,-0.2522294097797512,0,178,0,5,9,0,8,1,7,0,1,6,10,3,0,0,15,27,5,0,0,3,0
63,"COc1cccc2c1ccc(-c1ccc(-c3ccc(-c4cccs4)c4nsnc43)s1)c2OC
",-0.175,-0.125,486.64300000000014,468.49900000000014,0.4961116963700816,0.13495917040952568,0.13495917040952568,-0.4961116963700816,0,162,0,4,7,0,6,0,6,0,3,3,7,5,0,0,18,26,2,0,0,0,0
64,"CC1(C)c2cc(-c3ccc(-c4ccc(C=C(C#N)C#N)s4)s3)ccc2-c2ccc(N(c3ccccc3)c3ccccc3)cc21
",-0.177,-0.137,601.8000000000002,574.5840000000002,0.3104951444461412,0.13057656342114796,0.13057656342114796,-0.3104951444461412,0,210,0,3,5,0,7,1,6,0,4,2,5,6,0,0,27,39,3,0,0,1,2
65,"Cc1ccc(-c2sc(-c3ccc(-c4ccc(N(c5ccc(-c6ccc(-c7sc(-c8ccc(C)s8)c8c7OCCO8)s6)cc5)c5ccc(-c6ccc(-c7sc(-c8ccc(C)s8)c8c7OCCO8)s6)cc5)cc4)s3)c3c2OCCO3)s1
",-0.148,-0.092,1200.657,1155.2969999999993,0.4845404957789436,0.1810130606716664,0.1810130606716664,-0.4845404957789436,0,392,0,7,16,0,15,3,12,0,3,9,16,12,0,0,45,63,1,0,0,0,0
66,"Cn1c2ccccc2c2cc(-c3cc4c(s3)-c3sc(C=C(C#N)C(=O)O)cc3C4(C)C)ccc21
",-0.179,-0.122,480.61400000000026,460.4540000000003,0.47711441105263874,0.3459922707463303,0.3459922707463303,-0.47711441105263874,0,166,1,4,5,1,6,1,5,0,2,3,6,3,0,0,20,28,2,0,0,2,1
67,"Cn1c2ccccc2c2ccc(-c3ccc(-c4nnc(-c5cccs5)c5nccnc45)s3)cc21
",-0.181,-0.136,475.60200000000015,458.4660000000002,0.3435905398140866,0.1307737534814963,0.1307737534814963,-0.3435905398140866,0,162,0,5,7,0,7,0,7,0,2,5,7,3,0,0,17,27,5,0,0,0,0
68,"CC(=O)c1cc2csc(-c3cc4c(s3)c(-c3ccc(C)s3)c3ccsc3c4-c3ccc(C)s3)c2s1
",-0.174,-0.112,562.8530000000002,544.7090000000003,0.29360468121648003,0.16925420595045662,0.16925420595045662,-0.29360468121648003,0,172,0,1,7,0,7,0,7,0,1,6,7,4,0,0,18,28,0,0,0,1,0
69,"COc1ccc(N(c2ccc(OC)cc2)c2ccc(-c3ccc(C=C(C#N)C(=O)O)s3)cc2)cc1
",-0.171,-0.12,482.5610000000002,460.3850000000003,0.4967658832525265,0.34599226929785565,0.34599226929785565,-0.4967658832525265,0,174,1,6,6,1,4,0,4,0,3,1,7,8,0,0,22,28,2,0,0,2,1
70,"Cc1cc(-c2c3ccsc3c(-c3cc(C)c(C)s3)c3cc(-c4ccc5c(c4)N(C)C(=O)C5=C4c5ccccc5N(C)C4=O)sc32)sc1C
",-0.171,-0.131,698.96,668.7200000000003,0.3107641559467034,0.25905515193903095,0.25905515193903095,-0.3107641559467034,0,236,0,4,6,0,9,2,7,0,3,4,8,3,0,0,30,40,2,0,0,3,0
71,"Cn1c(-c2ccc(C=C(C#N)C(=O)O)s2)ccc1-c1ccc2c(c1)C(C)(C)c1cc(N(c3ccccc3)c3cccc4ccccc43)ccc1-2
",-0.173,-0.122,667.8340000000002,634.57,0.4771144110563923,0.3459922693280924,0.3459922693280924,-0.4771144110563923,0,242,1,5,5,1,8,1,7,0,5,2,6,7,0,0,33,44,3,0,0,2,1
72,"Cn1c(-c2ccc(C=C(C#N)C(=O)O)s2)ccc1-c1ccc2c(c1)C(C)(C)c1cc(N(c3ccccc3)c3cccc4ccccc43)ccc1-2
",-0.172,-0.122,667.8340000000002,634.57,0.4771144110563923,0.3459922693280924,0.3459922693280924,-0.4771144110563923,0,242,1,5,5,1,8,1,7,0,5,2,6,7,0,0,33,44,3,0,0,2,1
73,"Cn1c2ccccc2c2ccc(-c3ccc(C4=C5C(=O)N(C)C(c6cccs6)=C5C(=O)N4C)s3)cc21
",-0.165,-0.12,507.6400000000002,486.4720000000002,0.34359053981408677,0.2606486327264562,0.2606486327264562,-0.34359053981408677,0,176,0,5,5,0,7,2,5,0,2,3,7,3,0,0,21,29,3,0,0,4,0
74,"C=Cc1ccc(N(c2ccccc2)c2ccc(C=C3SC(=S)N(CC(=O)O)C3=O)cc2)cc1
",-0.183,-0.12,472.59100000000024,452.4310000000002,0.4799130454369827,0.32320746685192453,0.32320746685192453,-0.4799130454369827,0,164,1,5,5,1,4,1,3,1,3,0,7,7,0,1,20,26,2,0,0,5,0
75,"CC1(C)c2ccccc2-c2ccc(-c3ccc(-c4ccc(C5=C(c6ccccc6)C(c6ccccc6)=C(c6ccc(-c7cccs7)s6)[Si]5(C)C)s4)s3)cc21
",-0.159,-0.112,783.1970000000001,744.8930000000003,0.14298496720351792,0.11708320381350468,0.11708320381350468,-0.14298496720351792,0,262,0,0,4,0,10,2,8,0,4,4,5,7,0,0,38,49,0,0,0,2,0
76,"COc1c2ccsc2c(OC)c2cc(-c3scc4sc(C(C)=O)cc43)sc21
",-0.173,-0.116,430.59700000000015,416.4850000000001,0.49456322102422146,0.16925420019698878,0.16925420019698878,-0.49456322102422146,0,136,0,3,7,0,5,0,5,0,1,4,7,4,0,0,14,20,0,0,0,1,0
77,"N#CC(=Cc1ccc(C=Cc2ccc(N(c3ccccc3)c3ccccc3)cc2)s1)C(=O)O
",-0.179,-0.127,448.5470000000001,428.3870000000002,0.4771144110564457,0.34599226928635785,0.34599226928635785,-0.4771144110564457,0,160,1,4,4,1,4,0,4,0,3,1,5,7,0,0,20,28,2,0,0,3,1
78,"N#CC(=CC=Cc1ccc(N(c2ccccc2)c2ccccc2)cc1)C(=O)O
",-0.185,-0.126,366.4200000000001,348.2760000000001,0.4771150288690761,0.3459392666502195,0.3459392666502195,-0.4771150288690761,0,136,1,4,3,1,3,0,3,0,3,0,4,6,0,0,18,24,2,0,0,3,1
79,"COc1c2ccsc2c(OC)c2c1=S=C(c1ccc(-c3sc(-c4nc(C)c(-c5cccs5)s4)nc3C)s1)C=2
",-0.172,-0.115,608.8820000000001,588.7220000000001,0.4945632210361882,0.15258626065410133,0.15258626065410133,-0.4945632210361882,0,190,0,4,9,0,7,1,6,0,1,5,10,6,0,0,20,28,2,0,0,3,0
80,"Cn1c2cc(C=C(C#N)C#N)sc2c2sc(C=C(C#N)C#N)cc21
",-0.222,-0.165,345.4120000000001,338.3560000000001,0.34215023875774037,0.1305778823614635,0.1305778823614635,-0.34215023875774037,0,112,0,5,7,0,3,0,3,0,0,3,7,2,0,0,7,17,5,0,0,2,4
81,"Cc1csc(C#Cc2cccc3nsnc32)c1C
",-0.188,-0.122,270.382,260.30199999999996,0.17289585629638624,0.11991011894354338,0.11991011894354338,-0.17289585629638624,0,88,0,2,4,0,3,0,3,0,1,2,4,0,0,0,10,14,2,0,0,0,1
82,"Cc1ccc(-c2c3ccsc3c(-c3ccc(C)s3)c3cc(-c4ccc(-c5nc6sc(-c7cccs7)nc6s5)s4)sc32)s1
",-0.173,-0.117,687.046,668.9020000000003,0.22243441846169978,0.15546782859947547,0.15546782859947547,-0.22243441846169978,0,204,0,2,10,0,9,0,9,0,1,8,10,5,0,0,18,32,2,0,0,0,0
83,"CN1C(=O)c2csc(-c3cc4c(s3)-c3sccc3C4(C)C)c2C1=O
",-0.181,-0.109,371.50800000000015,358.40400000000017,0.27740335182225445,0.262303229088484,0.262303229088484,-0.27740335182225445,0,120,0,3,5,0,5,2,3,0,0,3,6,1,0,0,13,18,1,0,0,2,0
84,"COc1c2ccsc2c(OC)c2cc(-c3sc(C4=S=Cc5ccccc54)c4ccccc43)sc21
",-0.164,-0.111,514.7180000000002,496.5740000000003,0.4945632210242289,0.14511534891600406,0.14511534891600406,-0.4945632210242289,0,166,0,2,5,0,7,1,6,0,3,3,6,4,0,0,18,28,0,0,0,2,0
85,"COc1ccc(-c2nc3c(-c4cccs4)ccc(-c4ccc(-c5ccc6c7ccccc7n(C)c6c5)s4)c3nc2-c2ccc(OC)cc2)cc1
",-0.169,-0.11,685.874,654.6260000000001,0.4967678028487135,0.11840320183338932,0.11840320183338932,-0.4967678028487135,0,242,0,5,7,0,9,0,9,0,5,4,7,7,0,0,31,43,3,0,0,0,0
86,"Cc1ccc(-c2c3sc4cc(-c5scc6cc(S(C)(=O)=O)sc65)sc4c3c(-c3ccc(C)s3)c3sc4ccsc4c32)s1
",-0.175,-0.108,711.0860000000001,692.942,0.22315838668108182,0.18442174381999446,0.18442174381999446,-0.22315838668108182,0,208,0,2,10,0,9,0,9,0,1,8,11,4,0,0,18,31,0,0,0,2,0
87,"C#Cc1cc2c(s1)-c1sc(C#Cc3scc4nc(-c5ccccc5)c(-c5ccccc5)nc34)cc1C2(C)C
",-0.172,-0.123,540.7380000000002,520.5780000000004,0.24291062247339976,0.11596835329469966,0.11596835329469966,-0.24291062247339976,0,180,0,2,5,0,7,1,6,0,2,4,5,2,0,0,20,33,2,0,0,0,2
88,"COc1c2ccsc2c(OC)c2cc(-c3scc4cc(C(C)=O)sc43)sc21
",-0.174,-0.112,430.59700000000015,416.4850000000001,0.4945632210082557,0.1692542059504568,0.1692542059504568,-0.4945632210082557,0,136,0,3,7,0,5,0,5,0,1,4,7,4,0,0,14,20,0,0,0,1,0
89,"COc1ccc(N(c2ccc(OC)cc2)c2ccc(-c3ccc(C=C(C#N)C(=O)O)o3)cc2)cc1
",-0.167,-0.113,466.4930000000002,444.3170000000003,0.4967658832525265,0.34608259203872943,0.34608259203872943,-0.4967658832525265,0,174,1,7,6,1,4,0,4,0,3,1,7,8,0,0,22,28,2,0,0,2,1
90,"CSc1ccc(-c2ccc(-c3csc(-c4cc(-c5ccc(-c6ccc(SC)s6)s5)sc4-c4sc(-c5ccc(-c6ccc(SC)s6)s5)cc4-c4ccc(-c5ccc(-c6ccc(SC)s6)s5)s4)c3)s2)s1
",-0.168,-0.109,1171.9159999999997,1137.6439999999993,0.14308727513899716,0.06022863910573609,0.06022863910573609,-0.14308727513899716,0,338,0,0,16,0,12,0,12,0,0,12,16,15,0,0,34,52,0,0,0,0,0
91,"C=Cc1cc(OC)ccc1OC
",-0.174,-0.063,164.20399999999998,152.10799999999998,0.49674106010913444,0.1258271989389534,0.1258271989389534,-0.49674106010913444,0,64,0,2,2,0,1,0,1,0,1,0,2,3,0,0,12,10,0,0,0,1,0
92,"COc1c2ccsc2c(OC)c2c1=S=C(c1cc(C)c(-c3sc(-c4nc(C)c(-c5sccc5C)s4)nc3C)s1)C=2
",-0.164,-0.108,636.9360000000001,612.7440000000001,0.494563221036178,0.15258642302867828,0.15258642302867828,-0.494563221036178,0,202,0,4,9,0,7,1,6,0,1,5,10,6,0,0,24,30,2,0,0,3,0
93,"COc1c2ccsc2c(OC)c2cc(-c3scc4sc(C(C)=O)c(F)c43)sc21
",-0.178,-0.117,448.58700000000016,435.4830000000001,0.49456322102411515,0.17224409665908794,0.17224409665908794,-0.49456322102411515,0,142,0,3,7,0,5,0,5,0,1,4,8,4,0,0,13,20,0,1,1,1,0
94,"CC1(C)c2cc(C=C(C#N)c3ccc(C=C(C#N)C(=O)O)s3)ccc2-c2ccc(N(c3ccccc3)c3ccccc3)cc21
",-0.181,-0.136,589.7200000000001,562.5040000000002,0.47711441105641594,0.34599226930971977,0.34599226930971977,-0.47711441105641594,0,212,1,5,5,1,6,1,5,0,4,1,6,7,0,0,27,38,3,0,0,3,2
95,"Cc1ccc(-c2ccc(-c3c4cc(-c5cc(C)c(-c6ccc(-c7sc(C=C8SC(=S)N(C)C8=O)cc7C)s6)s5)sc4c(-c4ccc(-c5ccc(C)s5)s4)c4cc(-c5cc(C)c(-c6ccc(-c7sc(C=C8SC(=S)N(C)C8=O)cc7C)s6)s5)sc43)s2)s1
",-0.171,-0.13,1410.1619999999994,1365.8099999999993,0.29602296153232577,0.26544693848643247,0.26544693848643247,-0.29602296153232577,0,426,0,4,18,0,15,2,13,2,1,12,20,12,0,2,44,66,2,0,0,6,0
96,"Cc1ccc(C2(c3ccc(C)cc3)c3ccsc3-c3cc4c(cc32)-c2sc(-c3ccc(-c5ccc(-c6cccs6)c6nsnc65)s3)cc2C4(c2ccc(C)cc2)c2ccc(C)cc2)cc1
",-0.166,-0.124,925.307,884.9869999999996,0.1722221683062649,0.11359876021224251,0.11359876021224251,-0.1722221683062649,0,312,0,2,7,0,13,2,11,0,6,5,7,7,0,0,40,58,2,0,0,0,0
97,"Cn1c2ccccc2c2ccc(-c3ccc(-c4nnc(-c5cccs5)c5nonc54)s3)cc21
",-0.188,-0.144,465.56300000000016,450.44300000000015,0.3435905398140866,0.16602609360106793,0.16602609360106793,-0.3435905398140866,0,158,0,6,8,0,7,0,7,0,2,5,8,3,0,0,15,25,5,0,0,0,0
98,"Cc1csc(-c2ccc(-c3cc(C)c(-c4cc5c(s4)c4sccc4c4cc(C)c(C)cc54)s3)c3nsnc32)c1
",-0.17,-0.125,594.8770000000001,572.7010000000001,0.1722221668748831,0.11359893461035375,0.11359893461035375,-0.1722221668748831,0,190,0,2,7,0,8,0,8,0,3,5,7,3,0,0,22,32,2,0,0,0,0
99,"COc1ccc2c(c1)-c1cc(OC)c(-c3ccc(-c4ccc(-c5cccs5)c5nsnc54)s3)cc1[Si]2(C)C
",-0.17,-0.122,568.821,544.6290000000001,0.4967456593498631,0.12761082814286956,0.12761082814286956,-0.4967456593498631,0,188,0,4,7,0,7,1,6,0,3,3,8,5,0,0,24,30,2,0,0,0,0
100,"Cn1c(-c2ccc(C=C(C#N)C(=O)O)s2)ccc1-c1ccc(N(c2ccccc2)c2ccccc2)cc1
",-0.176,-0.122,501.61100000000016,478.42700000000036,0.4771144110563923,0.3459922693280924,0.3459922693280924,-0.4771144110563923,0,180,1,5,5,1,5,0,5,0,3,2,6,7,0,0,23,31,3,0,0,2,1
101,"Cc1ccc(-c2nc3c(nc2-c2ccc(C)cc2)c(-c2ccc(-c4ccc5c(c4)C(C)(C)c4ccccc4-5)s2)sc3-c2cccs2)cc1
",-0.164,-0.122,672.9440000000002,640.6880000000001,0.24223268300603581,0.10959849647546774,0.10959849647546774,-0.24223268300603581,0,232,0,2,5,0,9,1,8,0,4,4,5,5,0,0,32,43,2,0,0,0,0
102,"CC1(C)c2ccccc2-c2cc3c(cc21)-c1ccc(-c2ccc(-c4ccc(-c5cccs5)c5nsnc54)s2)cc1C3(C)C
",-0.174,-0.126,608.857,580.633,0.17222216830629447,0.11359875625610356,0.11359875625610356,-0.17222216830629447,0,208,0,2,5,0,9,2,7,0,4,3,5,3,0,0,28,38,2,0,0,0,0
103,"Cc1csc(-c2sc(-c3nc4cc5sc(-c6cc(C)c(-c7cc(C)cs7)s6)nc5cc4s3)cc2C)c1
",-0.176,-0.111,576.8840000000001,556.7240000000002,0.23510915948939756,0.13415785183700393,0.13415785183700393,-0.23510915948939756,0,178,0,2,8,0,7,0,7,0,1,6,8,4,0,0,20,28,2,0,0,0,0
104,"COC(=O)C(C#N)=Cc1cc(C)c(-c2cc(C)c(-c3ccc(-c4sc(-c5sc(-c6cc7c(s6)c(OC)c6cc(-c8cc(C)c(-c9cc(C)c(-c%10ccc(-c%11sc(-c%12sc(C=C(C#N)C(=O)OC)cc%12C)cc%11C)s%10)s9)s8)sc6c7OC)cc5C)cc4C)s3)s2)s1
",-0.17,-0.131,1401.997999999999,1349.581999999999,0.4945628146563752,0.34815462958231264,0.34815462958231264,-0.4945628146563752,0,450,0,8,20,0,13,0,13,0,1,12,20,16,0,0,52,70,2,0,0,4,2
105,"COC(=O)c1cc2c(-c3cccs3)sc(-c3ccc(-c4cc5c(s4)c(-c4ccc(C)s4)c4ccsc4c5-c4ccc(C)s4)s3)c2s1
",-0.168,-0.116,743.1060000000001,720.9300000000001,0.4648287155961769,0.34756520572812133,0.34756520572812133,-0.4648287155961769,0,226,0,2,10,0,9,0,9,0,1,8,10,6,0,0,22,36,0,0,0,1,0
106,"Cc1ccsc1-c1nnc(-c2sc(-c3cc4c(s3)-c3sccc3C4(C)C)cc2C)nn1
",-0.174,-0.123,478.6930000000002,460.5490000000002,0.21335393608290826,0.21335393608290826,0.14263565870665615,-0.14263565870665615,0,154,0,4,8,0,6,1,5,0,0,5,8,3,0,0,18,23,4,0,0,0,0
107,"COC(=O)C(C#N)=CC1=S=C(c2cc(C)c(-c3ccc(-c4sc(-c5sc(-c6ccc(-c7cc(C)c(-c8cc(C)c(-c9ccc(-c%10sc(C%11=S=C(C=C(C#N)C(=O)OC)C=C%11C)cc%10C)s9)s8)s7)c7nsnc76)cc5C)cc4C)s3)s2)C(C)=C1
",-0.169,-0.136,1287.8329999999994,1241.4649999999992,0.46489358022062566,0.34815462958231264,0.34815462958231264,-0.46489358022062566,0,412,0,8,17,0,12,2,10,0,1,9,19,14,0,0,46,64,4,0,0,10,2
108,"CN1C(=O)C2=C(c3ccc(-c4ccc5ccccc5c4)s3)N(C)C(=O)C2=C1c1cccs1
",-0.168,-0.123,454.5760000000002,436.4320000000002,0.3091428227527953,0.26064863272645616,0.26064863272645616,-0.3091428227527953,0,156,0,4,4,0,6,2,4,0,2,2,6,3,0,0,18,26,2,0,0,4,0
109,"CC1(C)c2ccccc2-c2ccc(N(c3ccc4cc(C=Cc5ccc(C=C(C#N)C(=O)O)s5)sc4c3)c3ccc4c(c3)C(C)(C)c3ccccc3-4)cc21
",-0.172,-0.131,736.962,700.6739999999998,0.4771144110564457,0.34599226928635785,0.34599226928635785,-0.4771144110564457,0,262,1,4,5,1,9,2,7,0,5,2,6,7,0,0,36,48,2,0,0,3,1
110,"Cc1ccsc1-c1cc(C)c(-c2ccc(-c3cc(C)c(C4=S=C(c5ccc6c7cc8c(cc7n(C)c6c5)c5ccccc5n8C)C(C)=C4)s3)c3nsnc32)s1
",-0.165,-0.122,803.141,768.8689999999999,0.343588817925794,0.11360901757070738,0.11360901757070738,-0.343588817925794,0,268,0,4,8,0,11,1,10,0,4,6,9,5,0,0,34,46,4,0,0,3,0
111,"C[Si]1(C)c2ccsc2-c2sc(-c3cccc4nonc43)cc21
",-0.182,-0.124,340.50500000000005,328.40900000000005,0.24332532604944299,0.14335685825913097,0.14335685825913097,-0.24332532604944299,0,108,0,3,5,0,5,1,4,0,1,3,6,1,0,0,12,16,2,0,0,0,0
112,"COc1ccc(N(c2ccc(OC)cc2)c2ccc(-c3cc4c(s3)-c3sc(C=C(C#N)C(=O)O)cc3C4(C)C)cc2)cc1
",-0.166,-0.119,604.7530000000003,576.5290000000001,0.4967658832525265,0.3459922707463303,0.3459922707463303,-0.4967658832525265,0,214,1,6,7,1,6,1,5,0,3,2,8,8,0,0,28,35,2,0,0,2,1
113,"COC(=O)c1cc2csc(-c3cc4c(s3)c(-c3ccc(C)s3)c3ccsc3c4-c3ccc(C)s3)c2s1
",-0.171,-0.106,578.8520000000002,560.7080000000003,0.4648287177343779,0.34756481286357505,0.34756481286357505,-0.4648287177343779,0,178,0,2,8,0,7,0,7,0,1,6,8,4,0,0,18,28,0,0,0,1,0
114,"CC1(C)c2cc(-c3ccc(C=C(C#N)C(=O)O)s3)ccc2-c2ccc(N(c3ccccc3)c3cccc4ccccc43)cc21
",-0.176,-0.126,588.7320000000002,560.5080000000003,0.477114411056431,0.34599226929785565,0.34599226929785565,-0.477114411056431,0,212,1,4,4,1,7,1,6,0,5,1,5,6,0,0,28,39,2,0,0,2,1
115,"C[Si](C)(C)C#Cc1c2ccccc2c2ccc3c(C#C[Si](C)(C)C)c4ccccc4c4ccc1c2c34
",-0.173,-0.12,494.7860000000003,464.54600000000033,0.1293476089911557,0.1293476089911557,0.12666068966244476,-0.12666068966244476,0,174,0,0,0,0,6,0,6,0,6,0,2,0,0,0,30,34,0,0,0,0,2
116,"COc1cccc(C2N=c3c(-c4cccs4)ccc(-c4ccc(-c5ccc6c(c5)C(C)(C)c5ccccc5-6)s4)c3=NC2c2cccc(OC)c2)c1
",-0.173,-0.139,700.9290000000002,664.6410000000001,0.49675654319189344,0.1187146000388703,0.1187146000388703,-0.49675654319189344,0,250,0,4,6,0,9,2,7,0,5,2,6,7,0,0,36,45,2,0,0,2,0
117,"Cc1csc(C2=NC3SC(c4cc(C)c(-c5cc6c(s5)-c5sccc5[Si]6(C)C)s4)=NC3S2)c1
",-0.174,-0.105,556.9260000000002,536.7660000000002,0.2590981206142288,0.13453420269796865,0.13453420269796865,-0.2590981206142288,0,166,0,2,8,0,7,3,4,0,0,4,9,3,0,0,20,24,2,0,0,2,0
118,"Cn1c2ccsc2c2sc(-c3ccc(C4=C5C(=O)N(C)C(c6cccs6)=C5C(=O)N4C)s3)cc21
",-0.161,-0.119,519.6980000000002,502.5620000000003,0.34216773572252174,0.26064863274216765,0.26064863274216765,-0.34216773572252174,0,168,0,5,7,0,7,2,5,0,0,5,9,3,0,0,17,25,3,0,0,4,0
119,"COc1c(OC)c(-c2ccc(-c3ccc(-c4ccc5c6ccccc6n(C)c5c4)s3)s2)c2nsnc2c1-c1ccc(-c2cccs2)s1
",-0.165,-0.122,703.961,678.761,0.4920789797380364,0.17193058426292201,0.17193058426292201,-0.4920789797380364,0,230,0,5,10,0,9,0,9,0,3,6,10,7,0,0,25,37,3,0,0,0,0
120,"Cc1csc(-c2sc(-c3ccc(-c4cc(C)c(-c5cc(C)c(-c6ccc7c8cc9c(cc8n(C)c7c6)c6ccccc6n9C)s5)s4)c4nsnc43)cc2C)c1
",-0.163,-0.123,803.1410000000001,768.869,0.343588817925794,0.1135989377123758,0.1135989377123758,-0.343588817925794,0,268,0,4,9,0,11,0,11,0,4,7,9,5,0,0,34,46,4,0,0,0,0
121,"Cc1ccsc1-c1ccc(-c2sc(-c3nc(C)c(-c4ccc(C5=S=C(c6cc7c(s6)-c6sccc6[Si]7(C)C)C=C5C)s4)s3)nc2C)s1
",-0.162,-0.113,773.2560000000001,745.032,0.23812534009954417,0.15258626066492087,0.15258626066492087,-0.23812534009954417,0,234,0,2,9,0,9,2,7,0,0,7,11,6,0,0,28,36,2,0,0,3,0
122,"Cc1c2ccsc2c2sc(-c3ccc(C4=C5C(=O)N(C)C(c6cccs6)=C5C(=O)N4C)s3)cc2c1C
",-0.167,-0.122,544.7480000000002,524.5880000000002,0.30914282275277066,0.26064863274216765,0.26064863274216765,-0.30914282275277066,0,178,0,4,6,0,7,2,5,0,1,4,8,3,0,0,20,28,2,0,0,4,0
123,"CC1(C)CC(C=Cc2ccc(N(c3ccccc3)c3ccc(N(c4ccccc4)c4ccccc4)cc3)cc2)=CC(=C(C#N)C(=O)O)C1
",-0.169,-0.123,627.788,590.4920000000003,0.4771075244150993,0.34622836668843315,0.34622836668843315,-0.4771075244150993,0,236,1,5,4,1,6,1,5,0,5,0,5,9,0,0,37,43,3,0,0,4,1
124,"C(=C1Sc2ccccc2S1)c1ccc(N(c2ccc(C=C3Sc4ccccc4S3)cc2)c2ccc(C=C3Sc4ccccc4S3)cc2)cc1
",-0.15,-0.075,738.0870000000001,710.871,0.3105045074889379,0.050503768239491285,0.050503768239491285,-0.3105045074889379,0,236,0,1,7,0,9,3,6,0,6,0,7,6,0,0,27,42,1,0,0,3,0
125,"C=Cc1ccc2c3ccccc3n(-c3ccc(OC)cc3)c2c1
",-0.181,-0.077,299.373,282.237,0.49676588325242854,0.11851093463472717,0.11851093463472717,-0.49676588325242854,0,112,0,2,2,0,4,0,4,0,3,1,2,3,0,0,17,21,1,0,0,1,0
126,"COc1c2ccsc2c(OC)c2cc(-c3scc4sc(S(C)(=O)=O)cc43)sc21
",-0.172,-0.109,466.65200000000016,452.54000000000013,0.4945632210242214,0.18442177523661135,0.18442177523661135,-0.4945632210242214,0,144,0,4,8,0,5,0,5,0,1,4,9,4,0,0,14,19,0,0,0,2,0
127,"CC1=CC(c2ccc(-c3cc(C)c(-c4cc5c(s4)c4sccc4c4nc(C)c(C)nc54)s3)c3nsnc32)=S=C1
",-0.174,-0.126,596.8530000000001,576.6930000000001,0.24888312568074086,0.1135989346103538,0.1135989346103538,-0.24888312568074086,0,190,0,4,8,0,8,1,7,0,2,5,9,3,0,0,20,30,4,0,0,3,0
128,"Cc1cc(C=C2C(=O)c3ccccc3C2=O)sc1-c1cc(C)c(-c2ccc(-c3sc(C4=S=C(C=C5C(=O)c6ccccc6C5=O)C=C4C)cc3C)s2)s1
",-0.179,-0.137,781.0390000000001,752.8149999999999,0.28843231563615895,0.1972700022632228,0.1972700022632228,-0.28843231563615895,0,258,0,4,8,0,9,3,6,0,2,4,9,6,0,0,28,44,0,0,0,9,0
129,"CN1C(=O)c2csc(-c3cc4c(s3)-c3sccc3[Si]4(C)C)c2C1=O
",-0.183,-0.111,387.58300000000014,374.47900000000016,0.2774033518295017,0.2623032268716319,0.2623032268716319,-0.2774033518295017,0,120,0,3,5,0,5,2,3,0,0,3,7,1,0,0,13,17,1,0,0,2,0
130,"Cn1c2ccccc2c2ccc(-c3ccc(-c4ccc(-c5cccs5)c5nsnc54)s3)cc21
",-0.175,-0.125,479.65500000000014,462.5190000000001,0.3435905398141292,0.1135987562561672,0.1135987562561672,-0.3435905398141292,0,158,0,3,6,0,7,0,7,0,3,4,6,3,0,0,17,27,3,0,0,0,0
131,"Cc1ccc(-c2ccc(-c3ncc(-c4cc5c(s4)-c4sc(-c6cnc(-c7ccc(-c8ccc(C)s8)s7)c7nsnc76)cc4[Si]5(C)C)c4nsnc43)s2)s1
",-0.165,-0.136,849.2739999999998,825.0819999999998,0.2522290100004761,0.1320722896318697,0.1320722896318697,-0.2522290100004761,0,258,0,6,14,0,11,1,10,0,0,10,15,6,0,0,24,38,6,0,0,0,0
132,"COc1c2cc(-c3cc4c(s3)-c3sc(C5=NC6SC(c7cc8c(s7)-c7sccc7[Si]8(C)C)=NC6S5)cc3[Si]4(C)C)sc2c(OC)c2ccsc21
",-0.171,-0.11,833.3399999999999,805.1159999999999,0.49456322103619393,0.1451153458737017,0.1451153458737017,-0.49456322103619393,0,250,0,4,12,0,11,4,7,0,1,6,14,5,0,0,28,36,2,0,0,2,0
133,"Cc1csc(-c2cc3c4nsnc4c(-c4cc(C)cs4)cc3c3nsnc32)c1
",-0.182,-0.133,436.61200000000014,424.51600000000013,0.1722514697222465,0.11359281213899115,0.11359281213899115,-0.1722514697222465,0,136,0,4,8,0,6,0,6,0,2,4,8,2,0,0,12,20,4,0,0,0,0
134,"Cn1c(-c2ccc(-c3cccc4nsnc43)s2)ccc1C1=S=CC=C1
",-0.171,-0.12,379.5350000000001,366.43100000000015,0.34231776979249695,0.112924269747402,0.112924269747402,-0.34231776979249695,0,122,0,3,5,0,5,1,4,0,1,3,6,3,0,0,13,19,3,0,0,3,0
135,"CC1(C)c2ccsc2-c2cc3c(cc21)-c1sc(-c2cccc4nsnc42)cc1C3(C)C
",-0.172,-0.12,456.6610000000002,436.5010000000002,0.17292019893885585,0.11292444095896007,0.11292444095896007,-0.17292019893885585,0,152,0,2,5,0,7,2,5,0,2,3,5,1,0,0,20,26,2,0,0,0,0
136,"CSc1ccc(-c2ccc(-c3ccc([Si](c4ccc(-c5ccc(-c6ccc(SC)s6)s5)s4)(c4ccc(-c5ccc(-c6ccc(SC)s6)s5)s4)c4ccc(-c5ccc(-c6ccc(SC)s6)s5)s4)s3)s2)s1
",-0.178,-0.105,1202.0179999999998,1165.7299999999993,0.22226640943358394,0.22226640943358394,0.14271105615035093,-0.14271105615035093,0,344,0,0,16,0,12,0,12,0,0,12,17,16,0,0,36,52,0,0,0,0,0
137,"Cc1cc(-c2ccc(-c3cc(C)c(-c4cccs4)s3)c3nsnc32)sc1-c1cccs1
",-0.169,-0.126,492.7410000000001,476.61300000000017,0.1722221637608704,0.11359893771234514,0.11359893771234514,-0.1722221637608704,0,152,0,2,7,0,6,0,6,0,1,5,7,4,0,0,16,24,2,0,0,0,0
138,"COc1ccc(N(c2ccc(C=Cc3sc(C=C(C#N)C(=O)O)c4c3OCCO4)cc2)c2ccc(OC)cc2)cc1
",-0.164,-0.114,566.6350000000003,540.4270000000004,0.4967658832525265,0.3459947462767556,0.3459947462767556,-0.4967658832525265,0,206,1,8,8,1,5,1,4,0,3,1,9,9,0,0,26,32,2,0,0,3,1
139,"Cc1ccsc1-c1ccc(-c2sc(-c3ccc4c(c3)N(C)C(=O)C4=C3c4ccccc4N(C)C3=O)cc2C)s1
",-0.172,-0.13,564.7570000000003,540.5650000000004,0.3107641559467034,0.25905515193902134,0.25905515193902134,-0.3107641559467034,0,192,0,4,5,0,7,2,5,0,2,3,7,3,0,0,24,32,2,0,0,3,0
140,"CN1C(=O)C2=C(c3ccc(-c4cc5ccccc5o4)s3)N(C)C(=O)C2=C1c1ccc(-c2cc3ccccc3o2)s1
",-0.169,-0.129,560.6560000000003,540.4960000000003,0.45523077196675704,0.26064863559483953,0.26064863559483953,-0.45523077196675704,0,194,0,6,6,0,8,2,6,0,2,4,8,4,0,0,20,32,2,0,0,4,0
141,"CN1C(=O)C2=C(c3cc4sc(-c5cccs5)cc4s3)N(C)C(=O)C2=C1c1cc2sccc2s1
",-0.167,-0.124,522.7230000000002,508.6110000000003,0.30914154852529296,0.26064864893057876,0.26064864893057876,-0.30914154852529296,0,162,0,4,7,0,7,2,5,0,0,5,9,3,0,0,14,24,2,0,0,4,0
142,"CC1(C)c2ccccc2-c2ccc(N(c3ccc(-c4ccc(C=CC=C(C#N)C(=O)O)s4)cc3)c3ccc4c(c3)C(C)(C)c3ccccc3-4)cc21
",-0.176,-0.13,680.8729999999999,644.5849999999999,0.4771150288588499,0.34593927051064916,0.34593927051064916,-0.4771150288588499,0,248,1,4,4,1,8,2,6,0,5,1,5,7,0,0,36,46,2,0,0,3,1
143,"CC1(C)c2ccccc2-c2ccc(-c3ccc(N(c4ccccc4)c4ccc(C=Cc5ccc(C=C(C#N)C#N)s5)cc4)cc3)cc21
",-0.182,-0.134,621.8090000000002,590.5610000000001,0.31050522285225884,0.13057655661265738,0.13057655661265738,-0.31050522285225884,0,224,0,3,4,0,7,1,6,0,5,1,4,7,0,0,31,43,3,0,0,2,2
144,"COc1cc2c3ccsc3c3sc(-c4sc(-c5ccc(-c6cc(C)cs6)c6nsnc65)cc4C)cc3c2cc1OC
",-0.17,-0.126,626.8750000000001,604.6990000000002,0.4928461779282913,0.16087750296053194,0.16087750296053194,-0.4928461779282913,0,202,0,4,9,0,8,0,8,0,3,5,9,5,0,0,22,32,2,0,0,0,0
145,"N#CC(C#N)=Cc1ccc(-c2ccc(N(c3ccc(-c4ccc(C=C(C#N)C#N)s4)cc3)c3ccc(-c4ccc(C=C(C#N)C#N)s4)cc3)cc2)s1
",-0.206,-0.153,719.88,698.712,0.3105044677959651,0.13057655952127356,0.13057655952127356,-0.3105044677959651,0,242,0,7,10,0,6,0,6,0,3,3,10,9,0,0,21,42,7,0,0,3,6
146,"Cc1ccsc1-c1nc2sc(-c3sc(-c4cc5c(s4)c(C#C[Si](C)(C)C)c4ccsc4c5C#C[Si](C)(C)C)cc3C)nc2s1
",-0.176,-0.118,715.202,684.962,0.2224235637030718,0.1554681918980167,0.1554681918980167,-0.2224235637030718,0,220,0,2,8,0,7,0,7,0,1,6,10,3,0,0,30,34,2,0,0,0,2
147,"COc1cc(OC)cc(-c2nc3c(nc2-c2cc(OC)cc(OC)c2)c(-c2cccs2)sc3-c2cccs2)c1
",-0.165,-0.117,572.7330000000003,548.5410000000003,0.49660069719615313,0.12273287350488384,0.12273287350488384,-0.49660069719615313,0,196,0,6,9,0,6,0,6,0,2,4,9,8,0,0,24,30,2,0,0,0,0
148,"Cn1c2ccccc2c2ccc(-c3ccc(-c4ccc(-c5cccs5)c5nccnc45)s3)cc21
",-0.174,-0.118,473.62600000000015,454.47400000000016,0.3435905398141292,0.09794193607838705,0.09794193607838705,-0.3435905398141292,0,162,0,3,5,0,7,0,7,0,3,4,5,3,0,0,19,29,3,0,0,0,0
149,"Cc1nc2c(-c3cccs3)nnc(-c3ccc(-c4ccc5c6ccccc6n(C)c5c4)s3)c2nc1C
",-0.177,-0.126,503.6560000000002,482.4880000000003,0.3435905398140866,0.13078668662652296,0.13078668662652296,-0.3435905398140866,0,174,0,5,7,0,7,0,7,0,2,5,7,3,0,0,21,29,5,0,0,0,0
150,"CC1(C)c2ccccc2-c2cc3c(cc21)-c1ccc(-c2ccc(-c4ccc(-c5cccs5)c5c4=NC(c4ccccc4)C(c4ccccc4)N=5)s2)cc1C3(C)C
",-0.171,-0.14,757.0400000000001,716.7199999999999,0.2716841816438806,0.10221538258817289,0.10221538258817289,-0.2716841816438806,0,270,0,2,4,0,11,3,8,0,6,2,4,5,0,0,40,52,2,0,0,2,0
151,"Cc1cc(C)cc(-c2ccc(N(c3ccc(-c4cc5c(s4)-c4sc(C=C(C#N)C(=O)O)cc4C5(C)C)cc3)c3ccc(-c4cc(C)cc(C)c4)cc3)cc2)c1
",-0.172,-0.123,753.0050000000001,712.6849999999998,0.47711441105263874,0.3459922707463303,0.3459922707463303,-0.47711441105263874,0,270,1,4,5,1,8,1,7,0,5,2,6,8,0,0,40,49,2,0,0,2,1
152,"COC(=O)C(C#N)=Cc1cc(C)c(-c2ccc(-c3sc(-c4ccc5c(c4)C(C)(C)c4cc(-c6cc(C)c(-c7ccc(-c8sc(C=C(C#N)C(=O)OC)cc8C)s7)s6)ccc4-5)cc3C)s2)s1
",-0.179,-0.132,961.315,920.995,0.46489358022062566,0.34815462958231264,0.34815462958231264,-0.46489358022062566,0,322,0,6,12,0,9,1,8,0,2,6,12,10,0,0,40,53,2,0,0,4,2
153,"COc1ccc(C=Cc2ccc(C=Cc3cc(OC)c(C=Cc4ccc(C=Cc5cc(OC)c(C=Cc6ccc(C=Cc7cc(OC)c(C=O)cc7OC)s6)cc5OC)s4)cc3OC)s2)cc1
",-0.155,-0.115,947.2090000000001,896.809,0.4967678242055902,0.15341597323524928,0.15341597323524928,-0.4967678242055902,0,340,0,8,11,0,7,0,7,0,4,3,11,20,0,0,50,56,0,0,0,7,0
154,"N#CC(=Cc1ccc(-c2cc(-c3ccc(-c4ccc(N(c5ccccc5)c5ccccc5)cc4)s3)c(-c3ccc(-c4ccc(N(c5ccccc5)c5ccccc5)cc4)s3)s2)s1)C(=O)O
",-0.169,-0.129,912.1990000000001,874.9029999999998,0.47711441105641134,0.34599226931326155,0.34599226931326155,-0.47711441105641134,0,312,1,5,8,1,10,0,10,0,6,4,9,13,0,0,37,56,3,0,0,2,1
155,"Cc1csc(-c2sc(-c3cc(C)c(-c4cccs4)s3)c3sc(C(F)(F)C(F)(F)C(F)(F)C(F)(F)C(F)(F)C(F)(F)F)cc23)c1
",-0.17,-0.113,732.6990000000003,719.5950000000001,0.45964729755367156,0.45964729755367156,0.19311420834724538,-0.19311420834724538,0,238,0,0,5,0,5,0,5,0,0,5,18,8,0,0,13,26,0,13,13,0,0
156,"Cc1ccsc1-c1nc2sc(-c3sc(-c4ccc5c6ccccc6n(C)c5c4)cc3C)nc2s1
",-0.174,-0.108,513.7380000000002,494.58600000000035,0.3435905398099508,0.15546819187983127,0.15546819187983127,-0.3435905398099508,0,166,0,3,7,0,7,0,7,0,2,5,7,3,0,0,19,27,3,0,0,0,0
157,"CC1(C)c2ccccc2-c2ccc(N(c3ccc(-c4cc5sc(C=C(C#N)C(=O)O)cc5s4)cc3)c3ccc4c(c3)C(C)(C)c3ccccc3-4)cc21
",-0.175,-0.125,710.924,676.6519999999998,0.4771144110378485,0.3459922763179621,0.3459922763179621,-0.4771144110378485,0,252,1,4,5,1,9,2,7,0,5,2,6,6,0,0,34,46,2,0,0,2,1
158,"N#CC(=Cc1ccc(OCCCCCCOc2ccc(C=C(C#N)c3ccc([N+](=O)[O-])cc3)cc2O)c(O)c1)c1ccc([N+](=O)[O-])cc1
",-0.207,-0.135,646.6560000000002,616.4160000000002,0.504240013771782,0.2689663401143379,0.2689663401143379,-0.504240013771782,0,242,2,12,10,2,4,0,4,0,4,0,12,15,0,0,30,36,4,0,0,4,2
159,"CC1(C)c2ccccc2-c2ccc(N(c3ccc4cc(C=Cc5ccc(C=C(C#N)C(=O)O)s5)oc4c3)c3ccc4c(c3)C(C)(C)c3ccccc3-4)cc21
",-0.171,-0.132,720.894,684.6059999999999,0.4771144110564457,0.345992269286358,0.345992269286358,-0.4771144110564457,0,262,1,5,5,1,9,2,7,0,5,2,6,7,0,0,36,48,2,0,0,3,1
160,"Cc1c2cc(-c3ccc(-c4ccc(-c5cccs5)c5nn(C)nc54)s3)sc2c(C)c2ccsc21
",-0.169,-0.11,513.7380000000002,494.5860000000002,0.18681329354206536,0.12201963600795002,0.12201963600795002,-0.18681329354206536,0,166,0,3,7,0,7,0,7,0,2,5,7,3,0,0,19,27,3,0,0,0,0
161,"C(=Cc1cccc2nsnc21)c1ccc(N(c2ccc(C=Cc3cccc4nsnc43)cc2)c2ccc(C=Cc3cccc4nsnc43)cc2)cc1
",-0.173,-0.125,725.928,698.7119999999999,0.3105045076630233,0.11150453485100704,0.11150453485100704,-0.3105045076630233,0,248,0,7,10,0,9,0,9,0,6,3,10,9,0,0,27,42,7,0,0,3,0
162,"C[Si]1(C)c2cc(-c3cnc(-c4cccs4)c4nsnc43)sc2-c2sc(-c3cnc(-c4cccs4)c4nsnc43)cc21
",-0.174,-0.14,656.966,640.838,0.2522294105386256,0.13207189164532573,0.13207189164532573,-0.2522294105386256,0,198,0,6,12,0,9,1,8,0,0,8,13,4,0,0,16,28,6,0,0,0,0
163,"Cc1ccsc1-c1ccc(-c2ccc(-c3sccc3C)s2)s1
",-0.168,-0.096,358.5780000000001,344.466,0.14269311734023288,0.047143547761935724,0.047143547761935724,-0.14269311734023288,0,110,0,0,4,0,4,0,4,0,0,4,4,3,0,0,14,18,0,0,0,0,0
164,"c1csc(-c2ccc(-c3ccc(-c4c(-c5ccc(-c6cccs6)s5)sc(-c5ccc(-c6cccs6)s5)c4-c4ccc(-c5ccc(-c6cccs6)s5)s4)s3)s2)c1
",-0.166,-0.106,905.413,881.2209999999998,0.14298495944526898,0.054259002251813925,0.054259002251813925,-0.14298495944526898,0,266,0,0,11,0,11,0,11,0,0,11,11,10,0,0,24,44,0,0,0,0,0
165,"Cc1cc(-c2cc(C)c(C3=S=CC=C3)s2)sc1-c1ccc(-c2cccc3nsnc32)s1
",-0.17,-0.123,492.7410000000002,476.6130000000002,0.17292019894448213,0.11292426597549218,0.11292426597549218,-0.17292019894448213,0,152,0,2,6,0,6,1,5,0,1,4,7,4,0,0,16,24,2,0,0,3,0
166,"Cc1ccc(C2(c3ccc(C)cc3)c3ccsc3-c3cc4c(cc32)-c2sc(-c3cncc5nc6c7ccsc7c7sccc7c6nc53)cc2C4(c2ccc(C)cc2)c2ccc(C)cc2)cc1
",-0.173,-0.128,918.2499999999999,878.9379999999994,0.26163396161657076,0.10840916720549579,0.10840916720549579,-0.26163396161657076,0,314,0,3,7,0,14,2,12,0,6,6,7,5,0,0,39,59,3,0,0,0,0
167,"C[Si]1(C)c2ccccc2-c2ccc(-c3ccc(-c4ccc(C5=C(c6ccccc6)C(c6ccccc6)=C(c6ccc(-c7cccs7)s6)[Si]5(C)C)s4)s3)cc21
",-0.16,-0.113,799.2720000000002,760.9680000000003,0.14298496720351792,0.11708320381350468,0.11708320381350468,-0.14298496720351792,0,262,0,0,4,0,10,2,8,0,4,4,6,7,0,0,38,48,0,0,0,2,0
168,"Cc1csc(-c2cc(-c3ccc(C)s3)c(-c3ccc(C4=C5C(=O)N(C)C(c6cccs6)=C5C(=O)N4C)s3)s2)c1
",-0.164,-0.121,602.8530000000003,580.6770000000002,0.30914282275277066,0.2606486327421896,0.2606486327421896,-0.30914282275277066,0,194,0,4,7,0,7,2,5,0,0,5,9,5,0,0,22,30,2,0,0,4,0
169,"Cc1c2cc(-c3ccc(-c4c5nn(C)nc5c(-c5cccs5)c(F)c4F)s3)sc2c(C)c2ccsc21
",-0.172,-0.113,549.7180000000001,532.5820000000001,0.20292662292745933,0.17004696764551472,0.17004696764551472,-0.20292662292745933,0,178,0,3,7,0,7,0,7,0,2,5,9,3,0,0,17,27,3,2,2,0,0
170,"C=Cc1ccc2c3ccc(C=Cc4cccs4)cc3n(-c3ccc(OC)cc3)c2c1
",-0.173,-0.095,407.5380000000002,386.3700000000002,0.4967658832524285,0.11851093463477362,0.11851093463477362,-0.4967658832524285,0,146,0,2,3,0,5,0,5,0,3,2,3,5,0,0,21,27,1,0,0,2,0
171,"COc1ccsc1-c1ccc(-c2sc(-c3ccc4c(c3)C(C)(C)c3ccccc3-4)cc2OC)c2nsnc21
",-0.163,-0.112,552.7460000000002,528.5540000000003,0.49522558705798037,0.13767943453085738,0.13767943453085738,-0.49522558705798037,0,188,0,4,7,0,7,1,6,0,3,3,7,5,0,0,24,31,2,0,0,0,0
172,"COC(=O)c1cc2csc(-c3ccc(-c4ccc(-c5sc(-c6ccc(-c7sccc7C)s6)cc5C)s4)s3)c2s1
",-0.163,-0.11,636.9570000000001,616.7970000000003,0.4648287177343779,0.3475648128635556,0.3475648128635556,-0.4648287177343779,0,194,0,2,9,0,7,0,7,0,0,7,9,6,0,0,20,30,0,0,0,1,0
173,"Cc1nc(-c2nc(C)c(-c3ccc(-c4ccc(-c5ccc(N(c6ccccc6)c6ccccc6)cc5)s4)s3)s2)sc1-c1ccc(-c2ccc(-c3ccc(N(c4ccccc4)c4ccccc4)cc3)s2)s1
",-0.162,-0.113,1011.4259999999999,969.0899999999993,0.3105059361065587,0.15258626066491188,0.15258626066491188,-0.3105059361065587,0,338,0,4,10,0,12,0,12,0,6,6,10,13,0,0,42,60,4,0,0,0,0
174,"COC(=O)c1sc2c(-c3ccc(-c4cc5c(s4)c(-c4cc(F)c(C)s4)c4ccsc4c5-c4cc(F)c(C)s4)s3)sc(-c3cccs3)c2c1F
",-0.173,-0.12,797.0760000000001,777.9240000000001,0.46475098091419487,0.35062382004768533,0.35062382004768533,-0.46475098091419487,0,244,0,2,10,0,9,0,9,0,1,8,13,6,0,0,19,36,0,3,3,1,0
175,"CC1(C)c2ccsc2-c2sc(-c3c4nsnc4cc(F)c3F)cc21
",-0.179,-0.124,376.47800000000007,366.3980000000001,0.20365480903071206,0.16933097048529305,0.16933097048529305,-0.20365480903071206,0,120,0,2,5,0,5,1,4,0,1,3,7,1,0,0,10,17,2,2,2,0,0
176,"COc1c(OC)c(-c2cc3sc(-c4cc5c(s4)c(-c4ccc(C)s4)c4ccsc4c5-c4ccc(C)s4)cc3s2)c2nsnc2c1-c1cc2sccc2s1
",-0.168,-0.124,853.2469999999998,829.055,0.49207897513319554,0.1719314693750073,0.1719314693750073,-0.49207897513319554,0,260,0,4,13,0,11,0,11,0,2,9,13,7,0,0,24,40,2,0,0,0,0
177,"COc1csc2c1C(C)(C)c1cc(-c3scc4c3C(=O)N(C)C4=O)sc1-2
",-0.179,-0.107,401.53400000000016,386.4140000000001,0.49554174425793196,0.26230322908848425,0.26230322908848425,-0.49554174425793196,0,132,0,4,6,0,5,2,3,0,0,3,7,2,0,0,15,19,1,0,0,2,0
178,"Cc1csc(-c2cc(C)c(-c3scc4c3C(=O)N(C)C4=O)s2)c1
",-0.189,-0.107,359.49700000000007,346.39300000000003,0.27740335059324456,0.26230340802709606,0.26230340802709606,-0.27740335059324456,0,116,0,3,5,0,4,1,3,0,0,3,6,2,0,0,13,17,1,0,0,2,0
179,"Cc1ccc(-c2ccc(-c3ccc(C4=C5C(=O)N(C)C(c6ccc(-c7ccc(C8=S=C(C)C=C8)s7)s6)=C5C(=O)N4C)s3)s2)s1
",-0.16,-0.123,684.9800000000001,660.7880000000002,0.3091424294650126,0.26064863550442113,0.26064863550442113,-0.3091424294650126,0,218,0,4,7,0,8,3,5,0,0,5,10,6,0,0,24,34,2,0,0,7,0
180,"COc1ccc(N(c2ccc(OC)cc2)c2ccc(C3c4ccccc4-c4ccc(-c5ccc(-c6c7nsnc7c(-c7cccs7)c7nc(-c8ccccc8)c(-c8ccccc8)nc76)s5)cc43)cc2)cc1
",-0.157,-0.14,972.233,930.9049999999994,0.4967658832525265,0.11851093458340643,0.11851093458340643,-0.4967658832525265,0,340,0,7,10,0,13,1,12,0,8,4,10,11,0,0,41,61,5,0,0,0,0
181,"Cn1c2ccccc2c2ccc(-c3ccc(-c4cnc(-c5cccs5)c5nonc54)s3)cc21
",-0.183,-0.137,464.57500000000016,448.4470000000002,0.3435905398141292,0.1624789995255756,0.1624789995255756,-0.3435905398141292,0,158,0,5,7,0,7,0,7,0,2,5,7,3,0,0,16,26,4,0,0,0,0
182,"CC1(C)c2ccccc2-c2ccc(N(c3ccc(-c4cc5sc6cc(C=C(C#N)C(=O)O)sc6c5s4)cc3)c3ccc4c(c3)C(C)(C)c3ccccc3-4)cc21
",-0.174,-0.126,767.0129999999999,732.7409999999996,0.477114411037814,0.3459922763449811,0.3459922763449811,-0.477114411037814,0,266,1,4,6,1,10,2,8,0,5,3,7,6,0,0,34,48,2,0,0,2,1
183,"Cn1c2ccccc2c2ccc(-c3ccc(-c4ccc(-c5cccs5)c5nonc54)s3)cc21
",-0.18,-0.129,463.58700000000016,446.45100000000014,0.3435905398141292,0.1440354307564516,0.1440354307564516,-0.3435905398141292,0,158,0,4,6,0,7,0,7,0,3,4,6,3,0,0,17,27,3,0,0,0,0
184,"C(=Cc1ccc(-c2ccc(N(c3ccc(-c4ccc(C=Cc5cccs5)s4)cc3)c3ccc(-c4ccc(C=Cc5cccs5)s4)cc3)cc2)s1)c1cccs1
",-0.161,-0.104,816.2010000000002,782.937,0.3105044677959651,0.04615450328462632,0.04615450328462632,-0.3105044677959651,0,266,0,1,7,0,9,0,9,0,3,6,7,12,0,0,33,48,1,0,0,3,0
185,"Cc1csc(-c2nc3sc(-c4cc(C)c(-c5cc6c(s5)-c5sccc5[Si]6(C)C)s4)nc3s2)c1
",-0.17,-0.111,554.9100000000002,536.7660000000002,0.22243423652078242,0.1554678314401285,0.1554678314401285,-0.22243423652078242,0,164,0,2,8,0,7,1,6,0,0,6,9,3,0,0,18,24,2,0,0,0,0
186,"CC1(C)c2ccccc2-c2ccc(-c3ccc(-c4ccc(-c5cccs5)c5nsnc54)s3)cc21
",-0.176,-0.126,492.69400000000013,472.53400000000016,0.17222216830629447,0.11359875625610356,0.11359875625610356,-0.17222216830629447,0,164,0,2,5,0,7,1,6,0,3,3,5,3,0,0,20,29,2,0,0,0,0
187,"Cc1cc(C=C(C#N)C(=O)O)sc1-c1cc(C)c(-c2cc(C)c(-c3cc4ccc(N(c5ccc6c(c5)C(C)(C)c5ccccc5-6)c5ccc6c(c5)C(C)(C)c5ccccc5-6)cc4s3)s2)s1
",-0.164,-0.127,917.259,872.9069999999997,0.4771144110526687,0.34599227072295874,0.34599227072295874,-0.4771144110526687,0,318,1,4,7,1,11,2,9,0,5,4,8,8,0,0,44,57,2,0,0,2,1
188,"COc1cccc(-c2nc3c(-c4cccs4)ccc(-c4ccc(-c5ccc6c(c5)C(C)(C)c5ccccc5-6)s4)c3nc2-c2cccc(OC)c2)c1
",-0.174,-0.116,698.9130000000001,664.6410000000001,0.4967444722467425,0.11903627779936723,0.11903627779936723,-0.4967444722467425,0,248,0,4,6,0,9,1,8,0,5,3,6,7,0,0,34,45,2,0,0,0,0
189,"CC1(C)c2cc(-c3ccc(C=C(C#N)C(=O)O)s3)ccc2-c2ccc(N(c3ccccc3)c3ccc4ccc5cccc6ccc3c4c56)cc21
",-0.176,-0.127,662.8140000000001,632.5740000000001,0.477114411056431,0.34599226929785565,0.34599226929785565,-0.477114411056431,0,238,1,4,4,1,9,1,8,0,7,1,5,6,0,0,30,45,2,0,0,2,1
190,"N#CC(=Cc1ccc(-c2ccc(-c3cc(-c4ccc(-c5ccc(N(c6ccccc6)c6ccccc6)cc5)s4)c(-c4ccc(-c5ccc(N(c6ccccc6)c6ccccc6)cc5)s4)s3)s2)s1)C(=O)O
",-0.167,-0.13,994.326,955.0139999999997,0.47711441105641134,0.34599226931326155,0.34599226931326155,-0.47711441105641134,0,336,1,5,9,1,11,0,11,0,6,5,10,14,0,0,39,60,3,0,0,2,1
191,"COc1cccc(-c2nc3cccc(-c4cccs4)c3nc2-c2cccc(OC)c2)c1
",-0.191,-0.11,424.5250000000002,404.36500000000024,0.49674447224676826,0.11903627779931596,0.11903627779931596,-0.49674447224676826,0,152,0,4,5,0,5,0,5,0,3,2,5,5,0,0,20,26,2,0,0,0,0
192,"COc1ccc(N(c2ccc(OC)cc2)c2ccc3c(c2)C(C)(C)c2c-3c3c(c4c2-c2ccc(N(c5ccc(OC)cc5)c5ccc(OC)cc5)cc2C4(C)C)-c2ccc(-c4ccc(C=C(C#N)C(=O)O)s4)cc2C3(C)C)cc1
",-0.157,-0.126,1058.3129999999999,998.8409999999994,0.4967658832525265,0.34599226929785565,0.34599226929785565,-0.4967658832525265,0,392,1,9,9,1,12,3,9,0,8,1,10,13,0,0,59,69,3,0,0,2,1
193,"CC1(C)c2ccccc2-c2cc3c(cc21)-c1cc2c(cc1C3(C)C)-c1ccc(-c3ccc(-c4ccc(-c5cccs5)c5nsnc54)s3)cc1C2(C)C
",-0.173,-0.126,725.02,688.7320000000001,0.17222216830629447,0.11359875625610356,0.11359875625610356,-0.17222216830629447,0,252,0,2,5,0,11,3,8,0,5,3,5,3,0,0,36,47,2,0,0,0,0
194,"COc1c2cc(-c3ccc(C4=C5C(=O)N(C)C(c6cccs6)=C5C(=O)N4C)s3)sc2c(OC)c2ccsc21
",-0.165,-0.122,576.7460000000002,556.5860000000002,0.4945632210361881,0.26064863274216765,0.26064863274216765,-0.4945632210361881,0,190,0,6,8,0,7,2,5,0,1,4,10,5,0,0,20,28,2,0,0,4,0
195,"COc1c2cc(-c3cccs3)sc2c(OC)c2cc(-c3ccc(-c4ccc5c(c4)N(C)C(=O)C5=C4c5ccccc5N(C)C4=O)s3)sc21
",-0.174,-0.133,702.9040000000002,676.6960000000003,0.4945628146564178,0.25905515193901263,0.25905515193901263,-0.4945628146564178,0,236,0,6,8,0,9,2,7,0,3,4,10,5,0,0,26,38,2,0,0,3,0
196,"Cc1ccc(-c2ccc(-c3ccc(-c4ccc(N(c5ccc(-c6ccc(-c7ccc(-c8ccc(C)s8)s7)s6)cc5)c5ccc(-c6ccc(-c7ccc(-c8ccc(C)s8)s7)s6)cc5)cc4)s3)s2)s1
",-0.159,-0.101,1026.549,987.2369999999995,0.31050446779596486,0.04615450328471875,0.04615450328471875,-0.31050446779596486,0,326,0,1,10,0,12,0,12,0,3,9,10,12,0,0,39,57,1,0,0,0,0
197,"N#CC(=Cc1cc(-c2ccc(-c3ccc(N(c4ccccc4)c4ccccc4)cc3)s2)c(-c2ccc(-c3ccc(N(c4ccccc4)c4ccccc4)cc3)s2)s1)C(=O)O
",-0.168,-0.126,830.0720000000002,794.7919999999999,0.47711441104842955,0.3459922723438183,0.3459922723438183,-0.47711441104842955,0,288,1,5,7,1,9,0,9,0,6,3,8,12,0,0,35,52,3,0,0,2,1
198,"COC(=O)c1cc2csc(-c3cc4c(s3)c(C)c3ccsc3c4C)c2s1
",-0.174,-0.106,414.5980000000001,400.48600000000016,0.4648287177343779,0.347564812863575,0.347564812863575,-0.4648287177343779,0,130,0,2,6,0,5,0,5,0,1,4,6,2,0,0,14,20,0,0,0,1,0
199,"COC(=O)c1sc2c(-c3ccc(-c4cc5c(s4)c(-c4ccc(OC)cc4)c4ccsc4c5-c4ccc(OC)cc4)s3)sc(-c3cccs3)c2c1F
",-0.167,-0.116,781.0360000000002,755.8360000000001,0.4967678182777185,0.35062382004768533,0.35062382004768533,-0.4967678182777185,0,252,0,4,10,0,9,0,9,0,3,6,11,8,0,0,25,40,0,1,1,1,0
200,"COC(=O)C(C#N)=Cc1cc(C)c(-c2ccc(-c3sc(-c4cc5c(s4)c(OC)c4cc(-c6cc(C)c(-c7ccc(-c8sc(C=C(C#N)C(=O)OC)cc8C)s7)s6)sc4c5OC)cc3C)s2)s1
",-0.171,-0.132,1017.382,981.0939999999999,0.4945628146563752,0.34815462958231264,0.34815462958231264,-0.4945628146563752,0,330,0,8,16,0,9,0,9,0,1,8,16,12,0,0,36,50,2,0,0,4,2
201,"Cc1csc(-c2ccc(-c3cc(C)cs3)c3nsnc32)c1
",-0.18,-0.124,328.487,316.391,0.17222216688705425,0.11359854935574688,0.11359854935574688,-0.17222216688705425,0,104,0,2,5,0,4,0,4,0,1,3,5,2,0,0,12,16,2,0,0,0,0
202,"Cn1c(-c2ccc(C=C(C#N)C(=O)O)s2)ccc1-c1ccc2c(c1)C(C)(C)c1cc(N(c3ccccc3)c3ccccc3)ccc1-2
",-0.172,-0.122,617.7740000000002,586.5260000000002,0.4771144110563923,0.3459922693280924,0.3459922693280924,-0.4771144110563923,0,224,1,5,5,1,7,1,6,0,4,2,6,7,0,0,31,40,3,0,0,2,1
203,"Cn1c(-c2ccc(C=C(C#N)C(=O)O)s2)ccc1-c1ccc2c(c1)C(C)(C)c1cc(N(c3ccccc3)c3ccccc3)ccc1-2
",-0.173,-0.121,617.7740000000002,586.5260000000002,0.4771144110563923,0.3459922693280924,0.3459922693280924,-0.4771144110563923,0,224,1,5,5,1,7,1,6,0,4,2,6,7,0,0,31,40,3,0,0,2,1
204,"COC(=O)C(C#N)=Cc1cc(C)c(-c2cc(C)c(-c3ccc(-c4sc(-c5sc(C=C(C#N)C(=O)OC)cc5C)cc4C)s3)s2)s1
",-0.183,-0.137,686.9270000000002,660.7190000000002,0.46489358022062566,0.34815462958231264,0.34815462958231264,-0.46489358022062566,0,226,0,6,11,0,5,0,5,0,0,5,11,8,0,0,26,34,2,0,0,4,2
205,"C[Si]1(C)c2ccsc2-c2sc(-c3nc4sc(-c5cc6c(s5)-c5sc(-c7cc8sccc8s7)cc5[Si]6(C)C)nc4s3)cc21
",-0.165,-0.115,721.212,701.052,0.22243410802681926,0.15546782962433675,0.15546782962433675,-0.22243410802681926,0,206,0,2,10,0,10,2,8,0,0,8,12,3,0,0,20,30,2,0,0,0,0
206,"COc1c2ccsc2c(OC)c2cc(-c3sc(-c4scc5c4C4C=CC5CC4(C)C)c4c3C3C=CC4C(C)(C)C3)sc21
",-0.168,-0.088,626.9340000000001,592.6620000000003,0.4945632210305227,0.14511534732067638,0.14511534732067638,-0.4945632210305227,0,214,0,2,6,0,11,6,5,0,1,4,6,4,0,0,34,36,0,0,0,2,0
207,"CN1C(=O)C2=C(c3ccc(-c4cc5c(s4)-c4sccc4[Si]5(C)C)s3)N(C)C(=O)C2=C1c1cccs1
",-0.163,-0.12,548.8120000000002,528.6520000000003,0.30914282275277066,0.26064863274216765,0.26064863274216765,-0.30914282275277066,0,174,0,4,6,0,7,3,4,0,0,4,9,3,0,0,20,26,2,0,0,4,0
208,"COc1c2ccsc2c(OC)c2c1=S=C(c1cc(C)c(-c3ccc(-c4sc(-c5nc(C)c(-c6ccc(-c7sccc7C)s6)s5)nc4C)s3)s1)C=2
",-0.163,-0.113,801.19,772.9660000000001,0.494563221036178,0.15258626066492087,0.15258626066492087,-0.494563221036178,0,250,0,4,11,0,9,1,8,0,1,7,12,8,0,0,28,38,2,0,0,3,0
209,"Cc1ccsc1-c1sc(-c2sc(-c3ccc4c(c3)C(C)(C)c3ccccc3-4)cc2C)c2nc3c4ccccc4c4ccccc4c3nc21
",-0.171,-0.127,670.9280000000002,640.6880000000001,0.24220880099048567,0.10960956961241297,0.10960956961241297,-0.24220880099048567,0,230,0,2,5,0,10,1,9,0,5,4,5,3,0,0,30,43,2,0,0,0,0
210,"C#Cc1cc2c(s1)c1sc(C#Cc3scc4nc(-c5ccccc5)c(-c5ccccc5)nc34)cc1n2C
",-0.171,-0.122,527.6990000000002,510.5630000000004,0.3421120682490941,0.11596835333007044,0.11596835333007044,-0.3421120682490941,0,174,0,3,6,0,7,0,7,0,2,5,6,2,0,0,17,31,3,0,0,0,2
211,"CC1(C)c2cc(-c3ccc(C=C(C#N)C(=O)O)s3)ccc2-c2ccc(N(c3ccccc3)c3c4ccccc4cc4ccccc43)cc21
",-0.177,-0.126,638.7920000000001,608.5520000000001,0.477114411056431,0.34599226929785565,0.34599226929785565,-0.477114411056431,0,230,1,4,4,1,8,1,7,0,6,1,5,6,0,0,30,43,2,0,0,2,1
212,"CC1(C)c2cc(-c3ccc(-c4ccc(-c5ccc(-c6ccc(C=C(C#N)C#N)s6)s5)s4)s3)ccc2-c2ccc(N(c3ccccc3)c3ccccc3)cc21
",-0.172,-0.138,766.054,734.8059999999996,0.3104951444461412,0.13057656342114798,0.13057656342114798,-0.3104951444461412,0,258,0,3,7,0,9,1,8,0,4,4,7,8,0,0,31,47,3,0,0,1,2
213,"Cc1ccsc1-c1nc2sc(-c3sc(-c4cc(C)c(-c5nc6sc(-c7sccc7C)nc6s5)s4)cc3C)nc2s1
",-0.173,-0.122,667.0160000000001,648.8720000000001,0.2224235637030718,0.1554681918980167,0.1554681918980167,-0.2224235637030718,0,198,0,4,12,0,8,0,8,0,0,8,12,5,0,0,18,28,4,0,0,0,0
214,"CC1(C)CC(C=Cc2ccc(N(c3ccccc3)c3ccccc3)cc2)=CC(=C(C#N)C(=O)O)C1
",-0.179,-0.124,460.5770000000002,432.35300000000024,0.4771075244150993,0.34622836668843315,0.34622836668843315,-0.4771075244150993,0,174,1,4,3,1,4,1,3,0,3,0,4,6,0,0,28,31,2,0,0,4,1
215,"COc1ccc(N(c2ccc(OC)cc2)c2ccc(-c3ccc(-c4ccc(C=C(C#N)C(=O)O)s4)s3)cc2)cc1
",-0.167,-0.124,564.6880000000002,540.4960000000002,0.4967658832525265,0.34599226931326155,0.34599226931326155,-0.4967658832525265,0,198,1,6,7,1,5,0,5,0,3,2,8,9,0,0,24,32,2,0,0,2,1
216,"Cc1ccc(-c2nc3c(-c4cccs4)ccc(-c4ccc(-c5ccc6c7ccccc7n(C)c6c5)s4)c3nc2-c2ccc(C)s2)s1
",-0.17,-0.113,665.9340000000002,638.7180000000002,0.3435905398141292,0.1080888234158072,0.1080888234158072,-0.3435905398141292,0,222,0,3,7,0,9,0,9,0,3,6,7,5,0,0,27,39,3,0,0,0,0
217,"Cn1c2ccc(C=C(C#N)C#N)cc2c2cc(C=C(C#N)C#N)ccc21
",-0.227,-0.146,333.35400000000004,322.266,0.34360756315386914,0.12976904515518825,0.12976904515518825,-0.34360756315386914,0,120,0,5,5,0,3,0,3,0,2,1,5,2,0,0,11,21,5,0,0,2,4
218,"COc1c2ccsc2c(OC)c2cc(-c3sc(-c4ccc(-c5cc(C)cs5)c5nsnc54)cc3C)sc21
",-0.163,-0.124,576.8150000000002,556.6550000000002,0.49456322103056677,0.1451153472976181,0.1451153472976181,-0.49456322103056677,0,184,0,4,9,0,7,0,7,0,2,5,9,5,0,0,20,28,2,0,0,0,0
219,"COC(=O)c1sc2c(-c3ccc(-c4cc5c(s4)c(-c4ccc(C)s4)c4ccsc4c5-c4ccc(C)s4)s3)sc(-c3cccs3)c2c1F
",-0.168,-0.117,761.0960000000002,739.9280000000002,0.46475098091419487,0.35062382004768533,0.35062382004768533,-0.46475098091419487,0,232,0,2,10,0,9,0,9,0,1,8,11,6,0,0,21,36,0,1,1,1,0
220,"Cc1csc(-c2cc3c4nsnc4c(-c4cc(C)c(-c5cc6c(s5)c(-c5cc(C)c(C)s5)c5ccsc5c6C5=S=C(C)C(C)=C5)s4)cc3c3nsnc32)c1
",-0.167,-0.132,845.25,817.0259999999998,0.17225146972222527,0.11359319746261748,0.11359319746261748,-0.17225146972222527,0,264,0,4,11,0,11,1,10,0,3,7,12,5,0,0,28,42,4,0,0,3,0
221,"COC(=O)c1cc2csc(-c3cc4c(s3)c(OC)c3ccsc3c4OC)c2s1
",-0.175,-0.107,446.5960000000002,432.4840000000002,0.4945632210082557,0.3475648128635752,0.3475648128635752,-0.4945632210082557,0,142,0,4,8,0,5,0,5,0,1,4,8,4,0,0,14,20,0,0,0,1,0
222,"Cc1ccsc1
",-0.206,-0.043,98.17,92.12199999999999,0.1521664973816544,-0.006407436086702693,0.006407436086702693,-0.1521664973816544,0,32,0,0,1,0,1,0,1,0,0,1,1,0,0,0,6,5,0,0,0,0,0
223,"COc1c2cc(-c3cc4c(s3)-c3sc(-c5nc6sc(-c7cc8c(s7)-c7sccc7[Si]8(C)C)nc6s5)cc3[Si]4(C)C)sc2c(OC)c2ccsc21
",-0.165,-0.116,831.324,805.1159999999999,0.49456322103619393,0.15546782962433675,0.15546782962433675,-0.49456322103619393,0,248,0,4,12,0,11,2,9,0,1,8,14,5,0,0,26,36,2,0,0,0,0
224,"COCc1sc2c(csc2-c2cc3c(s2)c(OC)c2ccsc2c3OC)c1F
",-0.17,-0.095,450.6030000000002,435.48300000000023,0.49456322100825567,0.14766268609754257,0.14766268609754257,-0.49456322100825567,0,144,0,3,7,0,5,0,5,0,1,4,8,5,0,0,15,20,0,1,1,0,0
225,"C#Cc1sc(C#Cc2scc3nc(-c4ccccc4)c(-c4ccccc4)nc23)c(C)c1C
",-0.179,-0.122,446.6000000000002,428.4560000000003,0.24291062247338918,0.11596835471081515,0.11596835471081515,-0.24291062247338918,0,152,0,2,4,0,5,0,5,0,2,3,4,2,0,0,18,28,2,0,0,0,2
226,"CC1(C)c2ccccc2-c2ccc(-c3cc4c5cccc6c7cccc8c9cc(-c%10ccc%11c(c%10)C(C)(C)c%10ccccc%10-%11)cc%10c%11cccc%12c%13cccc%14c(c3)c4c3c(c65)c(c78)c(c9%10)c(c%12%11)c3c%13%14)cc21
",-0.182,-0.099,907.1279999999997,864.7919999999995,0.0619183063183716,0.01585745415432159,0.01585745415432159,-0.0619183063183716,0,330,0,0,0,0,19,2,17,0,17,0,0,2,0,0,42,72,0,0,0,0,0
227,"COC(=O)C(C#N)=Cc1cc(C)c(-c2cc(C)c(-c3cc(C)c(-c4cc5cc6sc(-c7sc(-c8sc(-c9sc(C=C(C#N)C(=O)OC)cc9C)cc8C)cc7C)cc6cc5s4)s3)s2)s1
",-0.176,-0.134,985.3839999999999,949.0959999999997,0.46489358022062566,0.34815462958231264,0.34815462958231264,-0.46489358022062566,0,318,0,6,14,0,9,0,9,0,1,8,14,10,0,0,36,50,2,0,0,4,2
228,"Cc1ccsc1-c1sc(-c2sc(C3=S=C(c4sccc4C)C=C3C)cc2C)c2nc3c4ccccc4c4ccccc4c3nc21
",-0.165,-0.125,670.9750000000001,644.767,0.24220880099045555,0.10960957365643306,0.10960957365643306,-0.24220880099045555,0,218,0,2,6,0,9,1,8,0,3,5,7,4,0,0,26,38,2,0,0,3,0
229,"COC(=O)C(C#N)=Cc1cc(C)c(-c2cc(C)c(-c3cc(C)c(-c4ccc(-c5sc(-c6sc(-c7sc(C=C(C#N)C(=O)OC)cc7C)cc6C)cc5C)s4)s3)s2)s1
",-0.174,-0.132,879.235,844.9629999999999,0.46489358022062566,0.34815462958231264,0.34815462958231264,-0.46489358022062566,0,286,0,6,13,0,7,0,7,0,0,7,13,10,0,0,34,44,2,0,0,4,2
230,"Cc1csc(-c2ccc(-c3cc(C)c(-c4cc5c(s4)c(-c4cc(C)c(C)s4)c4ccsc4c5-c4cc(C)c(C)s4)s3)c3nsnc32)c1
",-0.167,-0.124,737.125,708.901,0.1722221668748831,0.11359893461035372,0.11359893461035372,-0.1722221668748831,0,232,0,2,9,0,9,0,9,0,2,7,9,5,0,0,28,38,2,0,0,0,0
231,"N#CC(=Cc1ccc(-c2ccc(-c3ccc(C=C(C#N)c4ccc([N+](=O)[O-])cc4)s3)c3c2C(=O)N(c2ccc(C(=O)O)cc2)C3=O)s1)c1ccc([N+](=O)[O-])cc1
",-0.218,-0.158,775.7800000000002,754.6120000000001,0.47763923617579873,0.3351808440752079,0.3351808440752079,-0.47763923617579873,0,270,1,13,11,1,7,1,6,0,4,2,15,10,0,0,21,41,5,0,0,7,2
232,"Cc1nc(-c2nc(C)c(-c3ccc(-c4ccc5c(c4)C(C)(C)c4ccccc4-5)s3)s2)sc1-c1cccs1
",-0.174,-0.112,552.8150000000002,528.6230000000003,0.23812534322262924,0.15258626064043015,0.15258626064043015,-0.23812534322262924,0,182,0,2,6,0,7,1,6,0,2,4,6,4,0,0,24,31,2,0,0,0,0
233,"Cc1cc(C)c(-c2c3cc(-c4ccc(-c5ccc(-c6cccs6)c6nsnc65)s4)sc3c(-c3sc(C)cc3C)c3ccsc32)s1
",-0.173,-0.128,709.0709999999999,684.8789999999998,0.1722221683062649,0.11359876021225333,0.11359876021225333,-0.1722221683062649,0,220,0,2,9,0,9,0,9,0,2,7,9,5,0,0,24,36,2,0,0,0,0
234,"CN1C(=O)C2=C(c3ccc(-c4cc5c(s4)-c4sccc4C5(C)C)s3)N(C)C(=O)C2=C1c1cccs1
",-0.162,-0.121,532.7370000000002,512.5770000000003,0.30914282275277066,0.26064863274216765,0.26064863274216765,-0.30914282275277066,0,174,0,4,6,0,7,3,4,0,0,4,8,3,0,0,20,27,2,0,0,4,0
235,"CN1C(=O)C2=C(c3ccc(-c4ccc5c(c4)C(C)(C)c4ccccc4-5)s3)N(C)C(=O)C2=C1c1cccs1
",-0.167,-0.122,520.6790000000002,496.4870000000003,0.3091428227527953,0.26064863272645616,0.26064863272645616,-0.3091428227527953,0,182,0,4,4,0,7,3,4,0,2,2,6,3,0,0,24,31,2,0,0,4,0
236,"Cn1c(-c2ccc(C=C(C#N)C(=O)O)s2)ccc1-c1ccc2c(c1)c1cc(N(c3ccccc3)c3ccccc3)ccc1n2C
",-0.168,-0.121,604.7350000000001,576.5110000000002,0.4771144110563923,0.3459922693280924,0.3459922693280924,-0.4771144110563923,0,218,1,6,6,1,7,0,7,0,4,3,7,7,0,0,28,38,4,0,0,2,1
237,"N#CC(=Cc1ccc(C(C#N)=Cc2ccc(-c3ccc(N(c4ccccc4)c4ccccc4)cc3)s2)s1)C(=O)O
",-0.184,-0.14,555.6840000000002,534.5160000000003,0.47711441105641594,0.34599226930971977,0.34599226930971977,-0.47711441105641594,0,192,1,5,6,1,5,0,5,0,3,2,7,8,0,0,21,33,3,0,0,3,2
238,"COc1cccc(-c2nc3c(-c4cccs4)ccc(-c4ccc(-c5cc6c(s5)c(OC)c5ccsc5c6OC)s4)c3nc2-c2cccc(OC)c2)c1
",-0.171,-0.117,754.9800000000001,724.74,0.4967444722467425,0.1451153458766185,0.1451153458766185,-0.4967444722467425,0,256,0,6,10,0,9,0,9,0,4,5,10,9,0,0,30,42,2,0,0,0,0
239,"Cc1c(C)c(-c2ccc(C3=S=C(c4ccc(C=C(C#N)C#N)s4)C(C)=C3C)s2)sc1-c1ccc(C=C(C#N)C#N)s1
",-0.194,-0.149,620.8750000000001,600.715,0.19164335386878192,0.13057656342644075,0.13057656342644075,-0.19164335386878192,0,198,0,4,8,0,5,1,4,0,0,4,9,6,0,0,20,32,4,0,0,5,4
240,"Cc1ccc(-c2ccc(-c3cc(F)c(-c4cc5c(s4)-c4sc(-c6c7nsnc7c(-c7ccc(-c8ccc(C)s8)s7)cc6F)cc4[Si]5(C)C)c4nsnc43)s2)s1
",-0.163,-0.129,883.278,859.086,0.20617895855619664,0.1343752837205295,0.1343752837205295,-0.20617895855619664,0,270,0,4,12,0,11,1,10,0,2,8,15,6,0,0,24,40,4,2,2,0,0
241,"Cc1c(-c2cccs2)sc2c(C)c(-c3ccc(-c4scc5c4C(=O)N(C)C5=O)s3)sc12
",-0.177,-0.116,497.7130000000002,482.5930000000002,0.27740335182693715,0.2623032276424499,0.2623032276424499,-0.27740335182693715,0,154,0,3,7,0,6,1,5,0,0,5,8,3,0,0,15,23,1,0,0,2,0
242,"Cc1ccc(-c2csc(-c3cc(-c4ccc(C)s4)c(-c4ccc(C5=C6C(=O)N(C)C(c7cccs7)=C6C(=O)N5C)s4)s3)c2)s1
",-0.165,-0.122,684.9800000000002,660.7880000000002,0.30914282275277066,0.2606486327421896,0.2606486327421896,-0.30914282275277066,0,218,0,4,8,0,8,2,6,0,0,6,10,6,0,0,24,34,2,0,0,4,0
243,"COc1ccc(-c2nc3c(nc2-c2ccc(OC)cc2)c(-c2ccc(-c4ccc5c(c4)C(C)(C)c4ccccc4-5)s2)sc3-c2cccs2)cc1
",-0.161,-0.118,704.9420000000002,672.6860000000001,0.4967678028487135,0.11840320183345458,0.11840320183345458,-0.4967678028487135,0,244,0,4,7,0,9,1,8,0,4,4,7,7,0,0,32,43,2,0,0,0,0
244,"N#CC(=Cc1ccc(-c2ccc(-c3ccc(N(c4ccccc4)c4ccccc4)cc3)c3nsnc32)s1)C(=O)O
",-0.181,-0.139,556.6720000000003,536.5120000000003,0.47711441105643093,0.34599226929793236,0.34599226929793236,-0.47711441105643093,0,192,1,6,7,1,6,0,6,0,4,2,8,7,0,0,20,32,4,0,0,2,1
245,"CC1(C)CC(C=Cc2ccc(N(c3ccc(-n4c5ccccc5c5ccccc54)cc3)c3ccc(-n4c5ccccc5c5ccccc54)cc3)cc2)=CC(=C(C#N)C(=O)O)C1
",-0.181,-0.13,790.967,748.631,0.4771075244150993,0.34622836668843315,0.34622836668843315,-0.4771075244150993,0,294,1,6,5,1,10,1,9,0,7,2,6,8,0,0,42,55,4,0,0,4,1
246,"c1csc(-c2ccsc2-c2cccs2)c1
",-0.184,-0.085,248.397,240.33299999999997,0.1437900215089702,0.052857245094844504,0.052857245094844504,-0.1437900215089702,0,74,0,0,3,0,3,0,3,0,0,3,3,2,0,0,8,12,0,0,0,0,0
247,"Cc1csc(-c2nnc(-c3cc(C)c(-c4cc5c(s4)-c4sccc4[Si]5(C)C)s3)nn2)c1
",-0.176,-0.124,494.76800000000014,476.62400000000014,0.21309330587847014,0.21309330587847014,0.14310050524461837,-0.14310050524461837,0,154,0,4,8,0,6,1,5,0,0,5,9,3,0,0,18,22,4,0,0,0,0
248,"Cn1c2ccccc2c2ccccc21
",-0.183,-0.064,181.238,170.14999999999995,0.3436087213663392,0.048821594768207015,0.048821594768207015,-0.3436087213663392,0,68,0,1,1,0,3,0,3,0,2,1,1,0,0,0,11,13,1,0,0,0,0
249,"COc1ccc(-c2nc3c(-c4cccs4)ccc(-c4ccc(-c5cc6c7c8c(cccc8CCc7c5)n6C)s4)c3nc2-c2ccc(OC)cc2)cc1
",-0.165,-0.108,711.9120000000001,678.648,0.4967678028487135,0.11840320183338932,0.11840320183338932,-0.4967678028487135,0,252,0,5,7,0,10,1,9,0,5,4,7,7,0,0,33,45,3,0,0,0,0
250,"COC(=O)c1cc2c(-c3cccs3)sc(-c3ccc(-c4cc5c(s4)c(-c4cc(F)c(C)s4)c4ccsc4c5-c4cc(F)c(C)s4)s3)c2s1
",-0.171,-0.118,779.0860000000001,758.9260000000002,0.4648287155961769,0.34756520572812133,0.34756520572812133,-0.4648287155961769,0,238,0,2,10,0,9,0,9,0,1,8,12,6,0,0,20,36,0,2,2,1,0
251,"COC(=O)N1C(=O)C2=C(c3ccc(-c4ccc(C5=S=C(C)C=C5)s4)s3)N(C(=O)OC)C(=O)C2=C1c1ccc(-c2ccc(-c3ccc(C)s3)s2)s1
",-0.165,-0.127,772.9980000000002,748.8059999999999,0.4521591542838001,0.4207918638083683,0.4207918638083683,-0.4521591542838001,0,250,0,8,11,0,8,3,5,0,0,5,14,6,0,0,24,36,2,0,0,9,0
252,"C#Cc1cc2c(s1)c1sc(C#Cc3cccc4nsnc43)cc1n2C
",-0.177,-0.123,375.5030000000001,366.43100000000004,0.3421120682610084,0.11991011761013858,0.11991011761013858,-0.3421120682610084,0,118,0,3,6,0,5,0,5,0,1,4,6,0,0,0,9,19,3,0,0,0,2
253,"Cn1c2ccccc2c2ccc(-c3ccc(-c4cnc(-c5cccs5)c5nccnc45)s3)cc21
",-0.177,-0.127,474.61400000000015,456.4700000000002,0.3435905398141292,0.11642876325737825,0.11642876325737825,-0.3435905398141292,0,162,0,4,6,0,7,0,7,0,2,5,6,3,0,0,18,28,4,0,0,0,0
254,"CC1(C)c2cc(-c3ccc(C=C(C#N)C(=O)O)s3)ccc2-c2c1c1c(c3c2C(C)(C)c2cc(N(c4ccccc4)c4ccccc4)ccc2-3)C(C)(C)c2cc(N(c3ccccc3)c3ccccc3)ccc2-1
",-0.171,-0.129,938.2090000000001,886.8009999999994,0.477114411056431,0.34599226929785565,0.34599226929785565,-0.477114411056431,0,344,1,5,5,1,12,3,9,0,8,1,6,9,0,0,51,65,3,0,0,2,1
255,"Cc1ccc(-c2c3ccsc3c(-c3ccc(C)s3)c3cc(-c4scc5cc(S(C)(=O)=O)sc54)sc32)s1
",-0.174,-0.107,598.9080000000001,580.7640000000002,0.22315838668108184,0.18442174381996834,0.18442174381996834,-0.22315838668108184,0,180,0,2,8,0,7,0,7,0,1,6,9,4,0,0,18,27,0,0,0,2,0
256,"Cc1cc(-c2ccc(N(c3ccccc3)c3ccccc3)cc2)sc1-c1nc2sc(-c3sc(-c4ccc(N(c5ccccc5)c5ccccc5)cc4)cc3C)nc2s1
",-0.162,-0.107,821.134,784.8459999999995,0.31050593610653976,0.15546819443399354,0.15546819443399354,-0.31050593610653976,0,280,0,4,8,0,10,0,10,0,6,4,8,10,0,0,36,50,4,0,0,0,0
257,"CC1(C)Oc2cc(-c3c4nsnc4cc(F)c3F)sc2-c2sccc21
",-0.174,-0.126,392.4770000000001,382.3970000000001,0.48151935996973144,0.16933319208754075,0.16933319208754075,-0.48151935996973144,0,126,0,3,6,0,5,1,4,0,1,3,8,1,0,0,10,17,2,2,2,0,0
258,"COc1c(OC)c(-c2ccc(-c3ccc4c(c3)[Si](C)(C)c3ccccc3-4)s2)c2nsnc2c1-c1cccs1
",-0.173,-0.121,568.8210000000003,544.6290000000002,0.4920789817534479,0.17193057702743245,0.17193057702743245,-0.4920789817534479,0,188,0,4,7,0,7,1,6,0,3,3,8,5,0,0,24,30,2,0,0,0,0
259,"CN1C(=O)C2=C(c3ccc(-c4cccs4)o3)N(C)C(=O)C2=C1c1ccco1
",-0.165,-0.119,378.40900000000016,364.2970000000002,0.46277734679697746,0.26080605392306905,0.26080605392306905,-0.46277734679697746,0,134,0,6,5,0,5,2,3,0,0,3,7,3,0,0,14,20,2,0,0,4,0
260,"CC1(C)c2ccccc2-c2ccc(N(c3ccc(C=C(C#N)c4ccc(C=C(C#N)C(=O)O)s4)cc3)c3ccc4c(c3)C(C)(C)c3ccccc3-4)cc21
",-0.182,-0.136,705.883,670.6029999999998,0.47711441105641594,0.34599226930971977,0.34599226930971977,-0.47711441105641594,0,256,1,5,5,1,8,2,6,0,5,1,6,7,0,0,35,47,3,0,0,3,2
261,"Cc1ccc(C2(c3ccc(C)cc3)c3ccsc3-c3cc4c(cc32)-c2sc(-c3cccc5nsnc53)cc2C4(c2ccc(C)cc2)c2ccc(C)cc2)cc1
",-0.172,-0.12,761.053,724.7649999999998,0.17292019893883215,0.11292444414862177,0.11292444414862177,-0.17292019893883215,0,264,0,2,5,0,11,2,9,0,6,3,5,5,0,0,36,50,2,0,0,0,0
262,"C[Si]1(C)c2cc(-c3cnc(-c4cc5ccccc5s4)c4nsnc43)sc2-c2sc(-c3cnc(-c4cc5ccccc5s4)c4nsnc43)cc21
",-0.178,-0.144,757.0859999999999,736.9259999999997,0.2522286311242173,0.13207266604049805,0.13207266604049805,-0.2522286311242173,0,234,0,6,12,0,11,1,10,0,2,8,13,4,0,0,20,36,6,0,0,0,0
263,"Cc1csc(-c2ccc(C3=C4C(=O)N(C)C(c5ccc(-c6cc(C)cs6)s5)=C4C(=O)N3C)s2)c1
",-0.163,-0.121,520.7260000000002,500.5660000000002,0.309142429465024,0.26064863550442113,0.26064863550442113,-0.309142429465024,0,170,0,4,6,0,6,2,4,0,0,4,8,4,0,0,20,26,2,0,0,4,0
264,"COc1c2ccsc2c(OC)c2cc(-c3ccc(-c4c5nonc5c(-c5cccs5)c(OC)c4OC)s3)sc21
",-0.166,-0.123,592.7450000000002,572.5850000000003,0.4945632210361882,0.17202306339095377,0.17202306339095377,-0.4945632210361882,0,196,0,7,11,0,7,0,7,0,2,5,11,7,0,0,20,28,2,0,0,0,0
265,"N#CC(C#N)=Cc1ccc(-c2ccc(N(c3ccc(-c4ccc(C=Cc5cccs5)s4)cc3)c3ccc(-c4ccc(C=C(C#N)C#N)s4)cc3)cc2)s1
",-0.185,-0.145,751.987,726.7869999999999,0.3105044677959651,0.13057655952127356,0.13057655952127356,-0.3105044677959651,0,250,0,5,9,0,7,0,7,0,3,4,9,10,0,0,25,44,5,0,0,3,4
266,"CC1(C)c2ccsc2-c2sc(-c3cccc4nsnc43)cc21
",-0.175,-0.12,340.49800000000005,328.40200000000004,0.17292019893882635,0.11292444491871557,0.11292444491871557,-0.17292019893882635,0,108,0,2,5,0,5,1,4,0,1,3,5,1,0,0,12,17,2,0,0,0,0
267,"COc1ccc(-c2nc3c(-c4cccs4)ccc(-c4ccc(-c5ccc6c(c5)C(C)(C)c5ccccc5-6)s4)c3nc2-c2ccc(OC)cc2)cc1
",-0.171,-0.111,698.9130000000001,664.6410000000001,0.4967678028487135,0.11840320183338932,0.11840320183338932,-0.4967678028487135,0,248,0,4,6,0,9,1,8,0,5,3,6,7,0,0,34,45,2,0,0,0,0
268,"COc1c2ccsc2c(OC)c2cc(-c3ccc(-c4sc(-c5cccs5)c5c4C(=O)N(C)C5=O)s3)sc21
",-0.177,-0.119,579.7710000000002,562.6350000000002,0.4945632210361882,0.26232791345232076,0.26232791345232076,-0.4945632210361882,0,184,0,5,9,0,7,1,6,0,1,5,10,5,0,0,17,27,1,0,0,2,0
269,"CC1(C)c2ccsc2-c2cc3c(cc21)-c1sc(-c2ccc(-c4nnc(-c5cccs5)nn4)s2)cc1C3(C)C
",-0.175,-0.127,566.802,544.6260000000002,0.21308298238402165,0.21308298238402165,0.1434958865489501,-0.1434958865489501,0,186,0,4,8,0,8,2,6,0,1,5,8,3,0,0,22,30,4,0,0,0,0
270,"C[Si]1(C)c2ccsc2-c2sc(-c3cccc4nsnc43)cc21
",-0.178,-0.121,356.57300000000004,344.47700000000003,0.17292019894757965,0.11563938732993315,0.11563938732993315,-0.17292019894757965,0,108,0,2,5,0,5,1,4,0,1,3,6,1,0,0,12,16,2,0,0,0,0
271,"Cc1csc(-c2ccc(-c3cc(C)c(-c4cc5c(s4)c(-c4ccc(C)s4)c4ccsc4c5-c4ccc(C)s4)s3)c3nsnc32)c1
",-0.168,-0.126,709.071,684.879,0.1722221668748831,0.11359893461035372,0.11359893461035372,-0.1722221668748831,0,220,0,2,9,0,9,0,9,0,2,7,9,5,0,0,24,36,2,0,0,0,0
272,"Cc1csc(-c2cccc3nsnc32)c1C
",-0.195,-0.119,246.35999999999999,236.27999999999997,0.172920197458265,0.11293430705770495,0.11293430705770495,-0.172920197458265,0,80,0,2,4,0,3,0,3,0,1,2,4,1,0,0,10,12,2,0,0,0,0
273,"Cc1ccc(C2(c3ccc(C)cc3)c3ccsc3-c3cc4c(cc32)-c2sc(-c3ccc(-c5cccs5)s3)cc2C4(c2ccc(C)cc2)c2ccc(C)cc2)cc1
",-0.163,-0.098,791.144,752.8399999999997,0.143469626550774,0.07219918641108457,0.07219918641108457,-0.143469626550774,0,270,0,0,4,0,11,2,9,0,5,4,4,6,0,0,38,52,0,0,0,0,0
274,"COc1c2ccsc2c(OC)c2c1=S=C(c1sc(-c3sc(-c4nc(C)c(-c5cc(C)cs5)s4)nc3C)cc1C)C=2
",-0.169,-0.112,636.936,612.744,0.49456322103056677,0.1525862619157493,0.1525862619157493,-0.49456322103056677,0,202,0,4,9,0,7,1,6,0,1,5,10,6,0,0,24,30,2,0,0,3,0
275,"CN1c2ccccc2Sc2cc(C=Cc3ccsc3-c3cccs3)ccc21
",-0.163,-0.089,403.5970000000001,386.4610000000001,0.34277620964539257,0.05501511314384693,0.05501511314384693,-0.34277620964539257,0,132,0,1,4,0,5,1,4,0,2,2,4,3,0,0,17,23,1,0,0,1,0
276,"CN1C(=O)C2=C(c3ccc(C=Cc4ccc(C(F)(F)F)cc4)s3)N(C)C(=O)C2=C1c1ccc(C=Cc2ccc(C(F)(F)F)cc2)s1
",-0.175,-0.138,668.6840000000003,646.5080000000004,0.4159102141536847,0.4159102141536847,0.3091424365228477,-0.3091424365228477,0,234,0,4,4,0,6,2,4,0,2,2,12,6,0,0,22,34,2,6,6,6,0
277,"Cc1ccsc1C1=NC2SC(c3sc(-c4cc5c(s4)-c4sccc4[Si]5(C)C)cc3C)=NC2S1
",-0.175,-0.106,556.9260000000003,536.7660000000003,0.2590875453902749,0.13453458461394177,0.13453458461394177,-0.2590875453902749,0,166,0,2,8,0,7,3,4,0,0,4,9,3,0,0,20,24,2,0,0,2,0
278,"C(=Cc1ccc(C=Cc2ccc(N(c3ccccc3)c3ccccc3)cc2)c2nsnc21)c1ccc(N(c2ccccc2)c2ccccc2)cc1
",-0.16,-0.117,674.8730000000003,640.601,0.31050594939557813,0.11212574971060536,0.11212574971060536,-0.31050594939557813,0,244,0,4,5,0,8,0,8,0,7,1,5,10,0,0,34,46,4,0,0,2,0
279,"COc1c2cc(-c3cc(C=Cc4sc(-c5ccc(-c6cc(C)cs6)c6nsnc65)cc4C)cs3)sc2c(OC)c2ccsc21
",-0.17,-0.125,684.98,660.788,0.49456322103618855,0.14511534587643507,0.14511534587643507,-0.49456322103618855,0,218,0,4,10,0,8,0,8,0,2,6,10,7,0,0,24,34,2,0,0,1,0
280,"N#CC(=Cc1sc(-c2ccc(N(c3ccccc3)c3ccccc3)cc2)c2c1OCCO2)C(=O)O
",-0.176,-0.117,480.5450000000003,460.38500000000033,0.48458881262605996,0.3459947462885579,0.3459947462885579,-0.48458881262605996,0,172,1,6,6,1,5,1,4,0,3,1,7,6,0,0,20,28,2,0,0,2,1
281,"CC1(C)c2ccsc2-c2sc(-c3ccc(-c4nc5sc(-c6cccs6)nc5s4)s3)cc21
",-0.169,-0.114,510.7810000000001,496.6690000000002,0.22243441846169978,0.15546782859947547,0.15546782859947547,-0.22243441846169978,0,152,0,2,8,0,7,1,6,0,0,6,8,3,0,0,14,23,2,0,0,0,0
282,"Cc1cc2c3cc(C)sc3c3nc4c(-c5ccc(-c6ccc7c8ccccc8n(C)c7c6)s5)ccc(-c5cccs5)c4nc3c2s1
",-0.169,-0.121,663.9180000000001,638.7180000000002,0.3435905398141292,0.10874748603164622,0.10874748603164622,-0.3435905398141292,0,220,0,3,7,0,10,0,10,0,4,6,7,3,0,0,25,39,3,0,0,0,0
283,"C=Cc1cc(OC)c(C=Cc2cc(C=C(C#N)c3ccc([N+](=O)[O-])cc3)ccc2C=C(C#N)c2ccc([N+](=O)[O-])cc2)cc1OC
",-0.191,-0.154,610.6260000000002,584.4180000000002,0.4961099551114146,0.2689663401143778,0.2689663401143778,-0.4961099551114146,0,226,0,10,8,0,4,0,4,0,4,0,10,11,0,0,26,36,4,0,0,6,2
284,"Cc1ccc(-c2nc3cccc(-c4ccc(-c5ccc6c(c5)C(C)(C)c5cc(-c7cccs7)ccc5-6)s4)c3nc2-c2ccc(C)s2)s1
",-0.174,-0.111,678.9730000000001,648.7330000000001,0.24292462660367725,0.10808790298180741,0.10808790298180741,-0.24292462660367725,0,228,0,2,6,0,9,1,8,0,3,5,6,5,0,0,30,41,2,0,0,0,0
285,"COc1ccc(C#Cc2ccc(-c3ccc(-c4ccc(C#Cc5ccc(OC)c(OC)c5)s4)c4nsnc43)s2)cc1OC
",-0.173,-0.129,620.7770000000002,596.5850000000002,0.492868756485647,0.16145728684032015,0.16145728684032015,-0.492868756485647,0,212,0,6,9,0,6,0,6,0,3,3,9,6,0,0,24,34,2,0,0,0,2
286,"N#CC(=Cc1ccc(C(C#N)=Cc2ccc(N(c3ccccc3)c3ccccc3)cc2)s1)C(=O)O
",-0.188,-0.134,473.55700000000013,454.40500000000026,0.47711441105641594,0.34599226930971977,0.34599226930971977,-0.47711441105641594,0,168,1,5,5,1,4,0,4,0,3,1,6,7,0,0,19,29,3,0,0,3,2
287,"CC1(C)c2cc(C=C(C#N)C#N)sc2-c2sc(C=C(C#N)C#N)cc21
",-0.222,-0.167,358.4510000000001,348.37100000000015,0.19164335386343975,0.13057673987819515,0.13057673987819515,-0.19164335386343975,0,118,0,4,6,0,3,1,2,0,0,2,6,2,0,0,10,19,4,0,0,2,4
288,"COc1c2ccsc2c(OC)c2cc(-c3cc(C)c(-c4nc5sc(-c6sccc6C)nc5s4)s3)sc21
",-0.173,-0.114,582.8440000000002,564.7000000000002,0.4945632210361779,0.1554681918980167,0.1554681918980167,-0.4945632210361779,0,180,0,4,10,0,7,0,7,0,1,6,10,5,0,0,18,26,2,0,0,0,0
289,"COc1c2ccsc2c(OC)c2cc(-c3scc4c3C(=O)N(C)C4=O)sc21
",-0.174,-0.113,415.51700000000017,402.4130000000001,0.4945632210240465,0.26230323079548723,0.26230323079548723,-0.4945632210240465,0,136,0,5,7,0,5,1,4,0,1,3,8,3,0,0,13,19,1,0,0,2,0
290,"CN1C(=O)C2=C(c3ccc(-c4cccs4)s3)N(C)C(=O)C2=C1c1cccs1
",-0.167,-0.122,410.5450000000002,396.4330000000002,0.30914282275277066,0.26064863274216765,0.26064863274216765,-0.30914282275277066,0,134,0,4,5,0,5,2,3,0,0,3,7,3,0,0,14,20,2,0,0,4,0
291,"COc1ccc(C#Cc2ccc(C#Cc3ccc(-c4ccc(-c5ccc(C#Cc6ccc(C#Cc7ccc(OC)c(OC)c7)cc6)s5)c5nsnc54)s3)cc2)cc1OC
",-0.171,-0.131,821.0170000000002,788.761,0.49286875648570416,0.16145728299584491,0.16145728299584491,-0.49286875648570416,0,284,0,6,9,0,8,0,8,0,5,3,9,6,0,0,32,50,2,0,0,0,4
292,"Cc1ccc(C2(c3ccc(C)cc3)c3ccsc3-c3cc4c(cc32)-c2sc(-c3cccs3)cc2C4(c2ccc(C)cc2)c2ccc(C)cc2)cc1
",-0.166,-0.092,709.0170000000002,672.7289999999999,0.143469626550774,0.07219918639949913,0.07219918639949913,-0.143469626550774,0,246,0,0,3,0,10,2,8,0,5,3,3,5,0,0,36,48,0,0,0,0,0
293,"CC(=O)c1cc2c(csc2-c2cc3c(s2)c2sccc2c(C)c3C)s1
",-0.181,-0.116,398.5990000000001,384.48700000000014,0.2936046812527578,0.1692542001969886,0.1692542001969886,-0.2936046812527578,0,124,0,1,5,0,5,0,5,0,1,4,5,2,0,0,14,20,0,0,0,1,0
294,"CC1(C)c2ccccc2-c2ccc(N(c3ccc(-c4ccc(-c5ccc(C=C(C#N)C(=O)O)s5)s4)cc3)c3ccc4c(c3)C(C)(C)c3ccccc3-4)cc21
",-0.173,-0.127,736.962,700.6739999999998,0.47711441105641134,0.34599226931326155,0.34599226931326155,-0.47711441105641134,0,262,1,4,5,1,9,2,7,0,5,2,6,7,0,0,36,48,2,0,0,2,1
295,"N#CC(=Cc1cc(C#N)c(C=Cc2ccc(N(c3ccccc3)c3ccccc3)cc2)cc1C#N)C(=O)O
",-0.191,-0.147,492.5380000000002,472.3780000000003,0.47711476091007354,0.34596263007700856,0.34596263007700856,-0.47711476091007354,0,180,1,6,5,1,4,0,4,0,4,0,6,7,0,0,20,32,4,0,0,3,3
296,"CC1(C)c2cc(-c3ccc(-c4ccc(-c5ccc(C=C(C#N)C#N)s5)s4)s3)ccc2-c2ccc(N(c3ccccc3)c3ccccc3)cc21
",-0.174,-0.138,683.9270000000001,654.6949999999998,0.3104951444461412,0.13057656342114798,0.13057656342114798,-0.3104951444461412,0,234,0,3,6,0,8,1,7,0,4,3,6,7,0,0,29,43,3,0,0,1,2
297,"Cc1ccc(-c2c3cc(-c4ccc(C5=C6C(=O)N(C)C(c7cccs7)=C6C(=O)N5C)s4)sc3c(-c3ccc(C)cc3)c3ccsc32)cc1
",-0.166,-0.123,696.9440000000002,668.7199999999999,0.30914282275277066,0.26064863274216765,0.26064863274216765,-0.30914282275277066,0,234,0,4,6,0,9,2,7,0,3,4,8,5,0,0,28,40,2,0,0,4,0
298,"Cc1ccc(-n2c(-c3ccsc3)nc3c2c2ccc(C)cc2c2cc(C)ccc32)cc1
",-0.172,-0.071,418.5650000000002,396.38900000000024,0.29165473278514775,0.1461126229823496,0.1461126229823496,-0.29165473278514775,0,150,0,2,3,0,6,0,6,0,4,2,3,2,0,0,22,28,2,0,0,0,0
299,"COC(=O)c1sc2c(csc2-c2cc3c(s2)c(OC)c2ccsc2c3OC)c1F
",-0.174,-0.109,464.58600000000024,451.48200000000026,0.49456322100825567,0.3506233964714475,0.3506233964714475,-0.49456322100825567,0,148,0,4,8,0,5,0,5,0,1,4,9,4,0,0,13,20,0,1,1,1,0
300,"Cn1c2ccccc2c2ccc(-c3ccc(-c4sc(-c5cccs5)c5nc(-c6ccccc6)c(-c6ccccc6)nc54)s3)cc21
",-0.165,-0.124,631.8510000000001,606.6510000000002,0.3435905398141077,0.1095984964635526,0.1095984964635526,-0.3435905398141077,0,214,0,3,6,0,9,0,9,0,4,5,6,5,0,0,25,39,3,0,0,0,0
301,"Cc1ccc(-c2c3cc(-c4cc5sc(C6=C7C(=O)N(C)C(c8cc9sccc9s8)=C7C(=O)N6C)cc5s4)sc3c(-c3ccc(C)s3)c3ccsc32)s1
",-0.165,-0.125,821.1800000000001,796.9879999999999,0.30914154852529296,0.26064864893057876,0.26064864893057876,-0.30914154852529296,0,254,0,4,10,0,11,2,9,0,1,8,12,5,0,0,24,40,2,0,0,4,0
302,"Cc1cc2c3cc(C)sc3c3nc4c(cccc4-c4ccc(-c5ccc6c(c5)C(C)(C)c5cc(-c7cccs7)ccc5-6)s4)nc3c2s1
",-0.173,-0.119,676.9570000000001,648.7330000000002,0.24290046048442068,0.1087465655217539,0.1087465655217539,-0.24290046048442068,0,226,0,2,6,0,10,1,9,0,4,5,6,3,0,0,28,41,2,0,0,0,0
303,"Cc1csc(-c2ccc(-c3cc(C)c(-c4cc5c(s4)c(C)c4ccsc4c5C)s3)c3nsnc32)c1
",-0.17,-0.126,544.8170000000001,524.6570000000002,0.1722221668748831,0.1135989346103537,0.1135989346103537,-0.1722221668748831,0,172,0,2,7,0,7,0,7,0,2,5,7,3,0,0,20,28,2,0,0,0,0
304,"Cc1cc(C=C2C(=O)N(C)C(=O)N(C)C2=O)sc1-c1cc(C)c(-c2cc(C)c(-c3ccc(-c4sc(-c5sc(C6=S=C(C=C7C(=O)N(C)C(=O)N(C)C7=O)C=C6C)cc5C)cc4C)s3)s2)s1
",-0.176,-0.134,993.3389999999998,953.0189999999998,0.3329074007801297,0.3329074007801297,0.26832967014861625,-0.26832967014861625,0,330,0,10,12,0,9,3,6,2,0,6,17,8,0,2,40,48,4,0,0,11,0
305,"Cc1nc2c(nc1C)c(-c1ccc(-c3ccc4c5ccccc5n(C)c4c3)s1)sc2-c1cccs1
",-0.163,-0.118,507.7090000000002,486.5410000000002,0.3435905398141077,0.10913150943536971,0.10913150943536971,-0.3435905398141077,0,170,0,3,6,0,7,0,7,0,2,5,6,3,0,0,21,29,3,0,0,0,0
306,"COc1c2cc(-c3cc(C)c(-c4ccc(-c5sc(C=C6SC(=S)N(C)C6=O)cc5C)s4)s3)sc2c(OC)c2cc(-c3cc(C)c(-c4ccc(-c5sc(C=C6SC(=S)N(C)C6=O)cc5C)s4)s3)sc21
",-0.168,-0.129,1113.6519999999996,1077.3639999999994,0.4945628146563752,0.26544693848643247,0.26544693848643247,-0.4945628146563752,0,342,0,6,16,0,11,2,9,2,1,8,18,10,0,2,36,50,2,0,0,6,0
307,"CN1C(=O)C2=C(c3cc4sccc4s3)N(C)C(=O)C2=C1c1cc2sccc2s1
",-0.169,-0.123,440.5960000000002,428.50000000000017,0.30914154852529296,0.2606486489305352,0.2606486489305352,-0.30914154852529296,0,138,0,4,6,0,6,2,4,0,0,4,8,2,0,0,12,20,2,0,0,4,0
308,"COc1ccc(-c2nc3c(-c4scc5c4OCCO5)ccc(-c4sc(-c5ccc6c(c5)C(C)(C)c5ccccc5-6)c5c4OCCO5)c3nc2-c2ccc(OC)cc2)cc1
",-0.155,-0.103,814.985,776.6809999999999,0.4967678028487135,0.18022712326332102,0.18022712326332102,-0.4967678028487135,0,292,0,8,10,0,11,3,8,0,5,3,10,7,0,0,38,49,2,0,0,0,0
309,"COc1c(OC)c(-c2ccc(-c3ccc4c5ccccc5n(C)c4c3)s2)c2nsnc2c1-c1cccs1
",-0.171,-0.119,539.7070000000002,518.5390000000002,0.4920789817534479,0.1719305770275122,0.1719305770275122,-0.4920789817534479,0,182,0,5,8,0,7,0,7,0,3,4,8,5,0,0,21,29,3,0,0,0,0
310,"COc1ccc(N(c2ccc(OC)cc2)c2cccc(-n3c4ccccc4c4ccc(-c5ccc(-c6c7nsnc7c(-c7cccs7)c7nc(-c8ccccc8)c(-c8ccccc8)nc76)s5)cc43)c2)cc1
",-0.164,-0.136,973.2209999999999,932.9009999999994,0.49676588325252635,0.1185109345835748,0.1185109345835748,-0.49676588325252635,0,340,0,8,11,0,13,0,13,0,8,5,11,11,0,0,40,60,6,0,0,0,0
311,"COc1ccc(C#Cc2c3ccccc3c(C#Cc3ccc(OC)c(OC)c3)c3ccccc23)cc1OC
",-0.17,-0.114,498.57800000000026,472.37000000000035,0.49286875648570405,0.1614572830175914,0.1614572830175914,-0.49286875648570405,0,186,0,4,4,0,5,0,5,0,5,0,4,4,0,0,26,34,0,0,0,0,2
312,"Cc1cc(C=C(C#N)C(=O)O)sc1-c1cc(C)c(-c2cc(C)c(-c3ccc(N(c4ccc5c(c4)C(C)(C)c4ccccc4-5)c4ccc5c(c4)C(C)(C)c4ccccc4-5)cc3)s2)s1
",-0.169,-0.127,861.1700000000001,816.8179999999998,0.4771144110526687,0.34599227072295874,0.34599227072295874,-0.4771144110526687,0,304,1,4,6,1,10,2,8,0,5,3,7,8,0,0,44,55,2,0,0,2,1
313,"Cc1ccsc1-c1sc(-c2sc(C3=S=C(c4sccc4C)C(C)=C3)cc2C)c2nc3c(nc21)-c1cccc2cccc-3c12
",-0.166,-0.118,644.9370000000002,620.7450000000001,0.24220840942261274,0.10960957716639018,0.10960957716639018,-0.24220840942261274,0,208,0,2,6,0,9,2,7,0,2,5,7,4,0,0,24,36,2,0,0,3,0
314,"Cc1ccc(-c2c3cc(-c4ccc(-c5sc(-c6cccs6)c6c5C(=O)c5c(C)sc(C)c5C6=O)s4)sc3c(-c3ccc(C)s3)c3ccsc32)s1
",-0.173,-0.119,793.166,768.9739999999999,0.28846044088214917,0.19666691566802863,0.19666691566802863,-0.28846044088214917,0,244,0,2,10,0,10,1,9,0,1,8,10,5,0,0,24,40,0,0,0,2,0
315,"Cn1c(-c2ccc(C=C(C#N)C(=O)O)cc2)ccc1-c1ccc(N(c2ccccc2)c2ccccc2)cc1
",-0.173,-0.122,495.58200000000016,470.38200000000035,0.47711476516412005,0.34596184773302807,0.34596184773302807,-0.47711476516412005,0,184,1,5,4,1,5,0,5,0,4,1,5,7,0,0,25,33,3,0,0,2,1
316,"N#CC(C#N)=Cc1ccc(-c2ccc(N(c3ccc(-c4ccc(C=Cc5cccs5)s4)cc3)c3ccc(-c4ccc(C=Cc5cccs5)s4)cc3)cc2)s1
",-0.174,-0.133,784.0940000000002,754.862,0.3105044677959651,0.13057655952127356,0.13057655952127356,-0.3105044677959651,0,258,0,3,8,0,8,0,8,0,3,5,8,11,0,0,29,46,3,0,0,3,2
317,"COC(=O)c1cc2c(csc2-c2sc3c(c2F)c(OC)c2scc(F)c2c3OC)s1
",-0.179,-0.113,482.5760000000002,470.48000000000025,0.49444851804747036,0.3475648444871449,0.3475648444871449,-0.49444851804747036,0,154,0,4,8,0,5,0,5,0,1,4,10,4,0,0,12,20,0,2,2,1,0
318,"COc1c2sc(-c3ccc(C4=C5C(=O)N(C)C(c6cccs6)=C5C(=O)N4C)s3)cc2cc2c1cc1cc(-c3ccc(C4=C5C(=O)N(C)C(c6cccs6)=C5C(=O)N4C)s3)sc1c2OC
",-0.168,-0.132,953.2079999999997,920.9519999999997,0.4945970506852092,0.26064863274216765,0.26064863274216765,-0.4945970506852092,0,316,0,10,12,0,12,4,8,0,2,6,16,8,0,0,32,48,4,0,0,8,0
319,"Cn1c(-c2ccc(C=C(C#N)C(=O)O)s2)ccc1-c1ccc(-c2ccc3c(c2)C(C)(C)c2cc(N(c4ccccc4)c4ccccc4)ccc2-3)s1
",-0.17,-0.123,699.9010000000003,666.6370000000001,0.4771144110563923,0.3459922693280924,0.3459922693280924,-0.4771144110563923,0,248,1,5,6,1,8,1,7,0,4,3,7,8,0,0,33,44,3,0,0,2,1
320,"COc1c2cc(-c3cccs3)sc2c(OC)c2ccsc21
",-0.172,-0.088,332.471,320.375,0.4945632210362102,0.14511534586510944,0.14511534586510944,-0.4945632210362102,0,106,0,2,5,0,4,0,4,0,1,3,5,3,0,0,12,16,0,0,0,0,0
321,"C(=Cc1ccc(N(c2ccccc2)c2ccccc2)cc1)c1ccc(-c2ccc(-c3ccc(C=Cc4ccc(N(c5ccccc5)c5ccccc5)cc4)s3)c3nsnc32)s1
",-0.16,-0.123,839.1270000000002,800.8229999999999,0.31050594939552706,0.1135987563801196,0.1135987563801196,-0.31050594939552706,0,292,0,4,7,0,10,0,10,0,7,3,7,12,0,0,38,54,4,0,0,2,0
322,"CC1(C)c2cc(C=C(C#N)C(=O)O)sc2-c2sc(-c3ccc(N(c4ccc(N5c6ccccc6Sc6ccccc65)cc4)c4ccc(N5c6ccccc6Sc6ccccc65)cc4)cc3)cc21
",-0.167,-0.131,939.225,900.9209999999994,0.47711441105263874,0.3459922707463303,0.3459922707463303,-0.47711441105263874,0,322,1,6,9,1,12,3,9,0,7,2,10,8,0,0,38,57,4,0,0,2,1
323,"Cc1csc(-c2nnc(-c3cc(C)c(-c4cc5c(s4)-c4sccc4C5(C)C)s3)nn2)c1
",-0.174,-0.124,478.69300000000015,460.54900000000015,0.213093305886783,0.213093305886783,0.142635658701224,-0.142635658701224,0,154,0,4,8,0,6,1,5,0,0,5,8,3,0,0,18,23,4,0,0,0,0
324,"COc1c(OC)c(-c2ccc(-c3ccc4c(c3)C(C)(C)c3ccccc3-4)s2)c2nsnc2c1-c1cccs1
",-0.172,-0.121,552.7460000000002,528.5540000000002,0.4920789817534479,0.17193057702744752,0.17193057702744752,-0.4920789817534479,0,188,0,4,7,0,7,1,6,0,3,3,7,5,0,0,24,31,2,0,0,0,0
325,"COC(=O)c1cc2csc(-c3ccc(-c4ccc(-c5sccc5C)s4)s3)c2s1
",-0.168,-0.107,458.6760000000001,444.56400000000014,0.4648287177343779,0.3475648128635556,0.3475648128635556,-0.4648287177343779,0,140,0,2,7,0,5,0,5,0,0,5,7,4,0,0,14,21,0,0,0,1,0
326,"COc1ccc(N(c2ccc(OC)cc2)c2ccc(-c3sc(-c4cc5sc(C=C(C#N)C(=O)O)cc5s4)c4c3OCCO4)cc2)cc1
",-0.162,-0.119,678.8130000000001,652.605,0.4967658832525265,0.34599227631796214,0.34599227631796214,-0.4967658832525265,0,234,1,8,10,1,7,1,6,0,3,3,11,9,0,0,26,36,2,0,0,2,1
327,"Cc1nc(-c2nc(C)c(-c3ccc(C4=S=C5c6sccc6C(C)(C)C5=C4)s3)s2)sc1-c1cccs1
",-0.166,-0.112,564.8730000000003,544.7130000000003,0.2381253432226292,0.15258626065410133,0.15258626065410133,-0.2381253432226292,0,174,0,2,7,0,7,2,5,0,0,5,8,4,0,0,20,27,2,0,0,3,0
328,"COc1c2sccc2c2cc(-c3ccc(-c4sc(-c5nc(C)c(-c6cccs6)s5)nc4C)s3)sc2c1OC
",-0.171,-0.113,608.8820000000001,588.7220000000001,0.49140021554831537,0.17963101530933287,0.17963101530933287,-0.49140021554831537,0,190,0,4,10,0,7,0,7,0,1,6,10,6,0,0,20,28,2,0,0,0,0
329,"N#CC(=Cc1ccc(C=Cc2ccc(C=Cc3ccc(N(c4ccccc4)c4ccccc4)cc3)s2)s1)C(=O)O
",-0.173,-0.13,556.7120000000002,532.5200000000003,0.4771144110564457,0.34599226928635785,0.34599226928635785,-0.4771144110564457,0,194,1,4,5,1,5,0,5,0,3,2,6,9,0,0,24,34,2,0,0,4,1
330,"Cc1ccc(-c2c3cc(-c4sc5cc(-c6ccc(-c7csc8c(C)csc78)c7nsnc76)sc5c4C)sc3c(-c3ccc(C)s3)c3ccsc32)s1
",-0.17,-0.126,821.2489999999999,797.0569999999998,0.17225186195531844,0.11357043607525455,0.11357043607525455,-0.17225186195531844,0,248,0,2,11,0,11,0,11,0,2,9,11,5,0,0,24,40,2,0,0,0,0
331,"CN1C(=O)C2=C(c3ccc(-c4cc5ccccc5c5ccccc45)s3)N(C)C(=O)C2=C1c1ccc(-c2cc3ccccc3c3ccccc23)s1
",-0.167,-0.122,680.8540000000003,652.6300000000001,0.3091424334962622,0.26064863547494865,0.26064863547494865,-0.3091424334962622,0,238,0,4,4,0,10,2,8,0,6,2,6,4,0,0,28,44,2,0,0,4,0
332,"CC1(C)c2cc(-c3ccc(-c4ccc(C=C(C#N)C(=O)O)s4)s3)ccc2-c2ccc(N(c3ccccc3)c3cccc4ccccc43)cc21
",-0.175,-0.129,670.859,640.619,0.47711441105641134,0.34599226931326155,0.34599226931326155,-0.47711441105641134,0,236,1,4,5,1,8,1,7,0,5,2,6,7,0,0,30,43,2,0,0,2,1
333,"CC1(C)c2cc(-c3ccc(-c4ccc(C=C(C#N)C(=O)O)s4)s3)ccc2-c2ccc(N(c3ccccc3)c3cccc4ccccc43)cc21
",-0.175,-0.13,670.859,640.619,0.47711441105641134,0.34599226931326155,0.34599226931326155,-0.47711441105641134,0,236,1,4,5,1,8,1,7,0,5,2,6,7,0,0,30,43,2,0,0,2,1
334,"CC1=CC(c2cc(C)c(-c3sc(-c4cc(C)c(-c5nc6scnc6s5)s4)cc3C)s2)=S=C1
",-0.168,-0.112,526.8240000000001,508.6800000000001,0.23192904063635053,0.15485110426545365,0.15485110426545365,-0.23192904063635053,0,160,0,2,7,0,6,1,5,0,0,5,8,4,0,0,18,24,2,0,0,3,0
335,"COc1cc2c3ccsc3c3sc(-c4cccc5nsnc54)cc3c2cc1OC
",-0.18,-0.122,434.5670000000002,420.45500000000015,0.49284617792829133,0.16087750294586614,0.16087750294586614,-0.49284617792829133,0,142,0,4,7,0,6,0,6,0,3,3,7,3,0,0,14,22,2,0,0,0,0
336,"Cc1nc(-c2nc(C)c(-c3ccc(-c4ccc(N(c5ccccc5)c5ccccc5)cc4)s3)s2)sc1-c1ccc(-c2ccc(N(c3ccccc3)c3ccccc3)cc2)s1
",-0.162,-0.109,847.1719999999999,808.8679999999996,0.3105059361065587,0.15258626065121447,0.15258626065121447,-0.3105059361065587,0,290,0,4,8,0,10,0,10,0,6,4,8,11,0,0,38,52,4,0,0,0,0
337,"COC(=O)c1cc2csc(-c3cccs3)c2s1
",-0.181,-0.103,280.395,272.33099999999996,0.4648287177343779,0.3475648128635359,0.3475648128635359,-0.4648287177343779,0,86,0,2,5,0,3,0,3,0,0,3,5,2,0,0,8,12,0,0,0,1,0
338,"COC(=O)c1sc2csc(-c3sc4c(c3F)c(OC)c3scc(F)c3c4OC)c2c1F
",-0.18,-0.113,500.56600000000026,489.4780000000003,0.4944485180473619,0.35062345458615524,0.35062345458615524,-0.4944485180473619,0,160,0,4,8,0,5,0,5,0,1,4,11,4,0,0,11,20,0,3,3,1,0
339,"N#CC(=Cc1ccc(C=C(c2ccc(N(c3ccccc3)c3ccccc3)cc2)c2ccc(N(c3ccccc3)c3ccccc3)cc2)s1)C(=O)O
",-0.174,-0.123,691.8560000000002,658.5920000000003,0.4771144110564457,0.3459922692863786,0.3459922692863786,-0.4771144110564457,0,250,1,5,5,1,7,0,7,0,6,1,6,11,0,0,33,46,3,0,0,3,1
340,"CN1C(=O)C2=C(c3ccc(-c4ccco4)o3)N(C)C(=O)C2=C1c1ccco1
",-0.163,-0.117,362.3410000000001,348.22900000000016,0.46277734679697746,0.2608060539989089,0.2608060539989089,-0.46277734679697746,0,134,0,7,5,0,5,2,3,0,0,3,7,3,0,0,14,20,2,0,0,4,0
341,"CN1C(=O)C2=C(c3ccc(C#Cc4cc5ccccc5c5ccccc45)s3)N(C)C(=O)C2=C1c1ccc(C#Cc2cc3ccccc3c3ccccc23)s1
",-0.17,-0.131,728.8980000000001,700.674,0.30914203661985,0.2606486414688068,0.2606486414688068,-0.30914203661985,0,254,0,4,4,0,10,2,8,0,6,2,6,2,0,0,28,48,2,0,0,4,2
342,"COc1ccc(N(c2ccc(OC)cc2)c2ccc(-c3sc(C=C(C#N)C(=O)O)c4c3OCCO4)cc2)cc1
",-0.165,-0.111,540.5970000000004,516.4050000000003,0.4967658832525265,0.3459947462885579,0.3459947462885579,-0.4967658832525265,0,196,1,8,8,1,5,1,4,0,3,1,9,8,0,0,24,30,2,0,0,2,1
343,"CC1(C)c2ccccc2-c2ccc(-c3ccc(-c4ccc(-c5cccs5)c5c4=NC(c4ccccc4)C(c4ccccc4)N=5)s3)cc21
",-0.171,-0.138,640.8770000000002,608.6210000000002,0.2716841816438806,0.10221538258817289,0.10221538258817289,-0.2716841816438806,0,226,0,2,4,0,9,2,7,0,5,2,4,5,0,0,32,43,2,0,0,2,0
344,"Cc1csc(-c2c3nsnc3c(-c3cc(C)c(-c4cc5c(s4)c(C)c4ccsc4c5C)s3)c(F)c2F)c1
",-0.173,-0.128,580.7970000000004,562.6530000000002,0.2029271711637041,0.17001642901173133,0.17001642901173133,-0.2029271711637041,0,184,0,2,7,0,7,0,7,0,2,5,9,3,0,0,18,28,2,2,2,0,0
345,"CC1(C)c2ccccc2-c2ccc(-c3ccc(C4=C(c5ccccc5)C(c5ccccc5)=C(c5cccs5)[Si]4(C)C)s3)cc21
",-0.164,-0.106,618.943,584.6710000000003,0.14456033465536514,0.11708269033879565,0.11708269033879565,-0.14456033465536514,0,214,0,0,2,0,8,2,6,0,4,2,3,5,0,0,34,41,0,0,0,2,0
346,"Cc1ccc(-c2c3ccsc3c(-c3ccc(C)s3)c3cc(-c4ccc(C5=C6C(=O)N(C)C(c7cccs7)=C6C(=O)N5C)s4)sc32)s1
",-0.167,-0.124,709.0020000000001,684.8100000000003,0.30914282275277066,0.26064863274216765,0.26064863274216765,-0.30914282275277066,0,226,0,4,8,0,9,2,7,0,1,6,10,5,0,0,24,36,2,0,0,4,0
347,"C[Si]1(C)c2ccccc2-c2ccc(-c3ccc(-c4ccc(-c5cccs5)c5nsnc54)s3)cc21
",-0.176,-0.126,508.7690000000001,488.6090000000002,0.17222216830629447,0.11359875625608876,0.11359875625608876,-0.17222216830629447,0,164,0,2,5,0,7,1,6,0,3,3,6,3,0,0,20,28,2,0,0,0,0
348,"N#CC(=Cc1ccc(C=Cc2ccc(-c3ccc(N(c4ccccc4)c4ccccc4)cc3)s2)s1)C(=O)O
",-0.176,-0.131,530.6740000000001,508.49800000000033,0.4771144110564457,0.34599226928635785,0.34599226928635785,-0.4771144110564457,0,184,1,4,5,1,5,0,5,0,3,2,6,8,0,0,22,32,2,0,0,3,1
349,"C=Cc1cc(OC)c(C=Cc2ccc(N(c3ccccc3)c3ccc(C=C(C#N)c4ccc([N+](=O)[O-])cc4)cc3)cc2)cc1OC
",-0.174,-0.129,605.6940000000003,574.4460000000004,0.496109955111435,0.2689663401143377,0.2689663401143377,-0.496109955111435,0,226,0,7,6,0,5,0,5,0,5,0,7,11,0,0,31,39,3,0,0,4,1
